loan_sequence_number,vintage_year,snapshot_period,current_actual_upb,credit_score,original_ltv,original_cltv,original_dti_ratio,property_state,current_interest_rate,estimated_ltv,credit_event_12m,pd_12m,rank_score
F22Q10228333,2022,202303,160465.0,813.0,14.0,14.0,13.0,OR,2.395,13.0,0,1.2333027309936356e-06,0.032218228328224595
F22Q40178675,2022,202401,102874.0,815.0,21.0,21.0,16.0,NY,4.875,17.0,0,1.4309481691821983e-06,0.04956226431737487
F22Q10003484,2022,202303,44996.7,812.0,31.0,31.0,11.0,IN,2.375,24.0,0,1.2567084990271194e-06,0.05981652590028007
F22Q20083500,2022,202305,68639.1,823.0,22.0,22.0,16.0,LA,3.875,17.0,0,2.738338713990396e-06,0.06549496107791036
F22Q10319116,2022,202303,145304.0,807.0,17.0,17.0,15.0,GA,2.625,13.0,0,1.3180183549208102e-06,0.07101903102741083
F22Q10193081,2022,202303,78852.9,807.0,26.0,26.0,10.0,VA,3.25,20.0,0,1.5416446564339242e-06,0.07338963988797494
F22Q10421958,2022,202304,85253.5,808.0,24.0,24.0,16.0,CA,2.5,16.0,0,7.05912937565092e-07,0.07349990076521044
F22Q10117341,2022,202302,129854.0,811.0,28.0,28.0,15.0,OH,2.375,23.0,0,1.8741399100712735e-06,0.07533023132732047
F22Q10144235,2022,202302,62538.6,809.0,31.0,31.0,5.0,KY,3.375,27.0,0,1.966740993672603e-06,0.07931064899552338
F22Q10184224,2022,202303,94435.0,809.0,28.0,28.0,6.0,GA,2.5,24.0,0,2.589562466511354e-06,0.08332414492689702
F22Q10007267,2022,202302,176171.0,814.0,27.0,27.0,20.0,MO,2.75,24.0,0,1.0886806408528782e-06,0.08792202350761906
F22Q10084998,2022,202302,93840.9,809.0,28.0,28.0,18.0,PA,2.875,25.0,0,7.708785577244566e-07,0.08932233664851034
F22Q10118466,2022,202302,171763.0,810.0,28.0,28.0,15.0,CA,3.75,28.0,0,2.542619072922647e-06,0.0923655368602112
F22Q10575360,2022,202303,39286.1,802.0,25.0,25.0,11.0,AZ,1.75,16.0,0,3.908438714582398e-07,0.09292786733411254
F22Q10179914,2022,202302,110563.0,804.0,26.0,26.0,14.0,LA,2.25,22.0,0,1.447166682531519e-06,0.09704059805499812
F22Q10540389,2022,202304,51441.1,823.0,27.0,27.0,20.0,AL,4.0,20.0,0,2.353062800151498e-06,0.09717291110768081
F22Q10519376,2022,202304,41918.0,812.0,23.0,23.0,8.0,GA,4.0,17.0,0,4.492323929166253e-06,0.09923478951198536
F22Q20205005,2022,202306,45061.3,801.0,14.0,14.0,13.0,MD,3.99,11.0,0,1.56623541430502e-06,0.10413037246124329
F22Q10013371,2022,202302,69332.0,807.0,31.0,31.0,14.0,NY,2.875,27.0,0,2.3769334267943687e-06,0.1103931902882219
F22Q10573687,2022,202303,146742.0,815.0,5.0,5.0,23.0,CA,3.25,7.0,0,1.6333521440741295e-06,0.11265353827155045
F22Q10170176,2022,202304,85102.6,820.0,40.0,40.0,18.0,NC,3.875,36.0,0,1.6169152106896414e-06,0.11270866871016831
F22Q10318417,2022,202302,109842.0,809.0,29.0,29.0,19.0,GA,2.5,22.0,0,1.7707927340499616e-06,0.1131717643945575
F22Q20197377,2022,202306,432512.0,804.0,27.0,27.0,18.0,CA,3.394,28.0,0,1.1031363153185725e-06,0.11721833858910183
F22Q10425463,2022,202304,86435.9,820.0,46.0,46.0,12.0,IN,2.875,39.0,0,2.0102894319734703e-06,0.12145235627494658
F22Q20028110,2022,202305,119151.0,812.0,42.0,42.0,17.0,IL,3.875,30.0,0,1.483171153974688e-06,0.12860828720753303
F22Q30121327,2022,202309,123227.0,823.0,33.0,33.0,14.0,IN,5.5,25.0,0,5.06623027136578e-06,0.12947934813769382
F22Q20118610,2022,202305,79618.7,809.0,9.0,9.0,23.0,CA,3.375,8.0,0,1.3119197333631925e-06,0.1300196264361479
F22Q20132065,2022,202306,47394.9,798.0,18.0,18.0,13.0,GA,4.375,15.0,0,1.5487185519494409e-06,0.13164046133151033
F22Q30183802,2022,202309,285385.0,822.0,17.0,17.0,23.0,NY,4.25,999.0,0,2.886099629774616e-06,0.13282025271793066
F22Q10088859,2022,202302,148559.0,818.0,16.0,16.0,25.0,CA,2.375,16.0,0,8.730207781796172e-07,0.13287538315654837
F22Q10414490,2022,202303,53222.8,806.0,41.0,41.0,14.0,NJ,2.625,24.0,0,1.08760515618615e-06,0.13293051359516622
F22Q20433409,2022,202305,132104.0,817.0,35.0,35.0,20.0,NC,3.25,31.0,0,2.6317261862882987e-06,0.13297461794606036
F22Q10419346,2022,202304,141559.0,798.0,18.0,18.0,12.0,CA,3.625,16.0,0,1.9811115023438488e-06,0.13623833991223233
F22Q10085091,2022,202302,119053.0,805.0,28.0,28.0,16.0,GA,2.625,25.0,0,3.126869786596422e-06,0.13671246168434517
F22Q10047901,2022,202302,191096.0,808.0,32.0,32.0,19.0,CA,3.25,32.0,0,2.365409857037754e-06,0.1392264096853154
F22Q10463610,2022,202303,165251.0,806.0,40.0,40.0,15.0,MS,2.25,37.0,0,1.616408661685757e-06,0.1395902705801928
F22Q10150859,2022,202302,83091.5,807.0,29.0,29.0,18.0,WI,3.375,26.0,0,3.240990534563086e-06,0.14503715791562835
F22Q10200386,2022,202303,60915.4,801.0,38.0,38.0,11.0,TN,2.875,33.0,0,9.478677800098208e-07,0.1452246014069288
F22Q10215616,2022,202302,228190.0,820.0,49.0,49.0,16.0,MN,2.025,43.0,0,1.4647970002060315e-06,0.1455223057754648
F22Q10145962,2022,202302,116266.0,804.0,31.0,31.0,20.0,CA,2.625,28.0,0,1.3561977739447322e-06,0.1501312104439103
F22Q10152546,2022,202302,192581.0,823.0,29.0,29.0,23.0,CA,2.99,26.0,0,2.8290582793023307e-06,0.1510243235495182
F22Q40177732,2022,202312,52464.3,800.0,14.0,14.0,14.0,OH,5.99,13.0,0,3.3963779702608312e-06,0.15112355833903018
F22Q10126490,2022,202302,53314.9,808.0,40.0,40.0,19.0,AL,2.5,33.0,0,1.272864558019776e-06,0.15168588881293135
F22Q10442081,2022,202304,489367.0,804.0,26.0,26.0,20.0,CA,3.375,23.0,0,2.43046232209032e-06,0.1546298542351203
F22Q10300776,2022,202303,157217.0,796.0,27.0,27.0,12.0,AZ,2.875,20.0,0,1.0817801309948437e-06,0.15568835865658145
F22Q20280756,2022,202307,96208.6,807.0,30.0,30.0,13.0,KS,5.5,26.0,0,4.959838410004076e-06,0.15651531523584802
F22Q10034479,2022,202302,65678.3,811.0,33.0,33.0,19.0,MI,2.99,30.0,0,3.9206132543583765e-06,0.1583235936225109
F22Q10575994,2022,202304,220541.0,797.0,28.0,28.0,15.0,NY,3.0,24.0,0,1.2200773272863338e-06,0.15938209804397208
F22Q10507023,2022,202302,99577.0,807.0,33.0,33.0,11.0,FL,3.49,27.0,0,4.900004889362879e-06,0.16020905462323856
F22Q10034512,2022,202302,278005.0,807.0,35.0,35.0,17.0,VA,2.49,34.0,0,3.492246128479576e-06,0.161631419939577
F22Q10228352,2022,202303,215936.0,802.0,31.0,31.0,20.0,CA,2.5,29.0,0,1.2719759294793945e-06,0.1627340287119325
F22Q10071727,2022,202302,186115.0,801.0,35.0,35.0,15.0,CT,3.125,35.0,0,2.2785083143315848e-06,0.16461948971266016
F22Q10153929,2022,202302,127678.0,820.0,46.0,46.0,21.0,IA,2.25,39.0,0,1.183696808069538e-06,0.16571107239729205
F22Q10504069,2022,202304,73571.3,812.0,23.0,23.0,23.0,AZ,3.875,21.0,0,3.412225581713823e-06,0.1666482898537941
F22Q30255681,2022,202310,120878.0,807.0,31.0,31.0,10.0,IN,5.125,26.0,0,5.5760325418767696e-06,0.1670231768363949
F22Q40125257,2022,202312,164076.0,804.0,33.0,33.0,16.0,NY,6.0,29.0,0,3.6304400952813702e-06,0.16767371601208458
F22Q10242734,2022,202303,134340.0,803.0,45.0,45.0,13.0,TX,2.75,40.0,0,1.11753966300912e-06,0.16856682911769252
F22Q30291747,2022,202310,91297.1,825.0,22.0,22.0,15.0,SC,4.875,19.0,0,8.05481489770873e-06,0.16873222043354574
F22Q10059619,2022,202302,276748.0,817.0,49.0,49.0,18.0,AZ,2.125,39.0,0,2.028069384117655e-06,0.17122411625906891
F22Q10290813,2022,202303,83975.9,811.0,48.0,48.0,11.0,TX,3.25,41.0,0,3.0238762288843525e-06,0.17135642931175166
F22Q20429851,2022,202306,128116.0,801.0,19.0,19.0,19.0,VA,4.5,17.0,0,3.126236862423435e-06,0.17244801199638343
F22Q10368315,2022,202303,77006.4,820.0,35.0,35.0,24.0,MO,3.25,29.0,0,2.3163072531993756e-06,0.17560147308531993
F22Q10031324,2022,202302,146903.0,814.0,52.0,52.0,17.0,IL,2.375,45.0,0,2.756731152560729e-07,0.17563455134849057
F22Q10190751,2022,202302,159835.0,807.0,43.0,43.0,20.0,ID,2.625,42.0,0,9.173059402193404e-07,0.17608662094515623
F22Q10146501,2022,202302,142718.0,815.0,15.0,15.0,27.0,CT,2.625,13.0,0,1.0654444969559142e-06,0.17760822105100665
F22Q10269983,2022,202303,104897.0,812.0,46.0,46.0,12.0,PA,3.375,41.0,0,4.0282752939282745e-06,0.17812644717401374
F22Q20368042,2022,202305,237463.0,812.0,44.0,44.0,20.0,AZ,3.875,40.0,0,2.333483381655074e-06,0.1782256819635257
F22Q40152698,2022,202312,140700.0,813.0,20.0,20.0,16.0,WA,5.99,16.0,0,7.803701822576793e-06,0.18109246477164975
F22Q10164539,2022,202303,59881.6,800.0,29.0,29.0,15.0,MI,2.875,24.0,0,3.5952980107868567e-06,0.18129093435067375
F22Q20086439,2022,202305,335507.0,807.0,25.0,25.0,13.0,CA,3.25,999.0,0,6.766006516170412e-06,0.18282356054424767
F22Q30212871,2022,202309,107403.0,800.0,30.0,30.0,20.0,NJ,5.0,27.0,0,1.7037652839718291e-06,0.18391514322887959
F22Q20351709,2022,202307,94810.4,808.0,40.0,40.0,21.0,KS,4.49,34.0,0,2.112469335973959e-06,0.18524929984342953
F22Q30234128,2022,202309,95222.3,795.0,34.0,34.0,12.0,PA,4.5,28.0,0,1.1517094160995897e-06,0.18554700421196554
F22Q10196241,2022,202303,321017.0,802.0,36.0,36.0,20.0,MA,2.125,34.0,0,1.8280637045130351e-06,0.18812710873927715
F22Q30177581,2022,202309,165580.0,797.0,38.0,38.0,11.0,LA,3.875,34.0,0,1.6322923672495037e-06,0.18813813482700073
F22Q20059076,2022,202305,319579.0,808.0,50.0,50.0,15.0,TX,3.125,45.0,0,1.7203811522594283e-06,0.18814916091472422
F22Q10292781,2022,202302,51337.7,790.0,20.0,26.0,10.0,KY,2.375,17.0,0,5.317712334476063e-07,0.18867841312545489
F22Q10536791,2022,202304,141801.0,812.0,49.0,49.0,18.0,MN,2.74,42.0,0,2.3485927696442416e-06,0.1896156305819569
F22Q10090551,2022,202302,183803.0,807.0,46.0,46.0,20.0,NJ,2.25,37.0,0,5.056291747702659e-07,0.19023309149447593
F22Q10296011,2022,202302,304328.0,804.0,22.0,22.0,19.0,ID,2.5,22.0,0,4.9970670956533925e-06,0.1905087436875648
F22Q10334366,2022,202303,130474.0,809.0,25.0,25.0,25.0,TX,2.875,20.0,0,2.27025493899446e-06,0.1919311090039032
F22Q10462341,2022,202304,75052.5,797.0,35.0,35.0,13.0,OH,3.875,30.0,0,2.3274242451432258e-06,0.19250446556552805
F22Q20045269,2022,202305,98452.2,823.0,17.0,17.0,26.0,ME,3.75,999.0,0,3.4733257033620736e-06,0.1939819613204843
F22Q30161715,2022,202308,61175.2,802.0,29.0,29.0,19.0,PA,5.625,25.0,0,3.7742741712757978e-06,0.19404811784682563
F22Q30134469,2022,202309,123009.0,799.0,17.0,17.0,14.0,OR,5.0,16.0,0,5.048349228971175e-06,0.19438992656625578
F22Q10331439,2022,202304,58255.2,804.0,23.0,23.0,25.0,MI,2.75,19.0,0,7.918443305235213e-07,0.19477583963658013
F22Q10478175,2022,202304,72069.9,797.0,20.0,20.0,12.0,IN,3.25,17.0,0,4.30501900018824e-06,0.1949191787769864
F22Q30100261,2022,202308,93611.9,823.0,33.0,33.0,19.0,NJ,5.75,30.0,0,6.752480765025845e-06,0.19647385714600749
F22Q10034883,2022,202302,221623.0,804.0,40.0,40.0,20.0,TX,2.375,33.0,0,2.175072778876945e-06,0.19650693540917813
F22Q30145319,2022,202309,144799.0,808.0,35.0,35.0,14.0,AZ,4.75,34.0,0,6.179802855894403e-06,0.19733389198844462
F22Q10522338,2022,202304,128428.0,812.0,46.0,46.0,18.0,MD,3.375,39.0,0,3.5954874738180952e-06,0.19745517895340378
F22Q10187187,2022,202303,622821.0,801.0,23.0,23.0,16.0,CA,3.839,999.0,0,5.206177102826738e-06,0.19780801376055748
F22Q10114210,2022,202302,109239.0,810.0,42.0,42.0,16.0,GA,2.875,37.0,0,4.983805360975602e-06,0.19849163119941776
F22Q20059592,2022,202305,172050.0,804.0,40.0,40.0,18.0,FL,4.25,33.0,0,3.1340371844376155e-06,0.19877830948023023
F22Q10228517,2022,202303,166424.0,808.0,47.0,47.0,15.0,NV,2.875,45.0,0,3.415612484867396e-06,0.200167596533398
F22Q10551340,2022,202304,232152.0,801.0,43.0,43.0,17.0,FL,3.625,35.0,0,1.6759851149769027e-06,0.20047632698965753
F22Q10242419,2022,202302,96560.1,798.0,36.0,36.0,18.0,PA,3.375,33.0,0,1.6423480061773649e-06,0.20056453569144594
F22Q20411062,2022,202306,121257.0,794.0,19.0,19.0,15.0,NC,4.75,18.0,0,2.9631202265943062e-06,0.20122610095485916
F22Q30069939,2022,202307,229855.0,820.0,50.0,50.0,18.0,TX,4.25,33.0,0,3.2626946863576386e-06,0.2014355966216068
F22Q10562720,2022,202303,122601.0,800.0,28.0,28.0,22.0,AZ,3.5,28.0,0,1.708210022507404e-06,0.20172227490241915
F22Q20043131,2022,202305,272997.0,800.0,35.0,35.0,5.0,CO,3.875,32.0,0,4.535624703590375e-06,0.20337618806095226
F22Q40134382,2022,202312,258916.0,812.0,39.0,39.0,17.0,NM,5.25,33.0,0,5.91220516687734e-06,0.20403775332436544
F22Q10012327,2022,202302,266312.0,809.0,32.0,32.0,13.0,WA,2.99,34.0,0,7.538405273299747e-06,0.20554832734249232
F22Q10553926,2022,202303,188328.0,812.0,31.0,31.0,25.0,NM,2.99,27.0,0,2.86482584480447e-06,0.20694864048338368
F22Q40056794,2022,202311,128076.0,811.0,39.0,39.0,23.0,MT,5.5,28.0,0,2.81227920327371e-06,0.20697069265883083
F22Q20396837,2022,202307,109568.0,801.0,27.0,27.0,23.0,OH,4.875,23.0,0,1.958273742554409e-06,0.2085253710278519
F22Q10370189,2022,202303,171275.0,812.0,51.0,51.0,15.0,UT,3.375,47.0,0,3.334323197764613e-06,0.20874589278232297
F22Q20117148,2022,202305,50997.6,797.0,38.0,38.0,18.0,FL,3.375,14.0,0,1.0099726874165162e-06,0.20976029285288997
F22Q10445687,2022,202304,196472.0,802.0,39.0,39.0,19.0,TX,3.99,38.0,0,2.801051176730245e-06,0.21036672767768544
F22Q10044257,2022,202302,122444.0,790.0,24.0,24.0,15.0,DE,3.124,21.0,0,1.107316297826809e-06,0.21094008423931027
F22Q10377307,2022,202303,66554.8,796.0,27.0,27.0,21.0,OH,2.75,23.0,0,9.496849710762432e-07,0.21101726685337507
F22Q20312272,2022,202306,87050.4,811.0,39.0,39.0,23.0,NC,4.875,35.0,0,3.107261519400292e-06,0.21261604957329044
F22Q20146089,2022,202306,106019.0,804.0,36.0,36.0,24.0,AZ,3.99,46.0,0,6.783701795877407e-07,0.21329966701215075
F22Q20019750,2022,202305,319151.0,802.0,39.0,39.0,10.0,ME,3.875,33.0,0,4.981951984696288e-06,0.21404944097735246
F22Q30197047,2022,202309,71487.1,799.0,15.0,15.0,24.0,SD,4.75,13.0,0,1.30170088101885e-06,0.21440227578450616
F22Q10502737,2022,202304,81392.8,814.0,16.0,16.0,27.0,AZ,4.25,16.0,0,3.0381506936125613e-06,0.215692328048162
F22Q10030539,2022,202302,168090.0,801.0,42.0,42.0,20.0,IN,2.5,27.0,0,1.3958612287692097e-06,0.2165633889783227
F22Q10416177,2022,202304,200849.0,808.0,40.0,40.0,23.0,ME,3.25,33.0,0,2.391538010564968e-06,0.2179857542946611
F22Q10189094,2022,202303,150917.0,809.0,38.0,38.0,17.0,FL,3.25,33.0,0,6.2058684422632865e-06,0.21923170220742275
F22Q40211915,2022,202401,132583.0,806.0,25.0,25.0,20.0,CA,5.5,23.0,0,6.197471614638302e-06,0.21982711094449472
F22Q20038504,2022,202305,50323.9,803.0,23.0,23.0,23.0,FL,3.5,999.0,0,3.753669459645807e-06,0.2207643284009968
F22Q30328927,2022,202310,166475.0,796.0,24.0,24.0,21.0,MT,4.25,22.0,0,2.035611430777083e-06,0.22091869362912653
F22Q40178693,2022,202401,94823.8,808.0,32.0,32.0,22.0,CO,6.0,29.0,0,4.823906068180423e-06,0.2218669371733521
F22Q10137113,2022,202302,103741.0,823.0,25.0,25.0,27.0,NV,2.625,24.0,0,3.3423113517474646e-06,0.22213156327871747
F22Q10255257,2022,202303,125191.0,809.0,50.0,50.0,16.0,AL,3.608,41.0,0,3.5277017852400353e-06,0.22228592850684717
F22Q10221945,2022,202303,315472.0,803.0,20.0,20.0,22.0,WA,2.99,20.0,0,4.738250141934175e-06,0.22235208503318857
F22Q20015013,2022,202305,122531.0,809.0,47.0,47.0,21.0,FL,2.75,38.0,0,2.5143445914804145e-06,0.22305775464749594
F22Q10106883,2022,202302,82602.1,811.0,41.0,41.0,23.0,NE,3.25,35.0,0,3.1894356042460935e-06,0.22327827640196712
F22Q10453788,2022,202304,460969.0,818.0,38.0,38.0,25.0,CA,3.45,35.0,0,3.1450233772672363e-06,0.22373034599863276
F22Q20142873,2022,202306,284530.0,803.0,21.0,21.0,17.0,OR,2.726,29.0,0,7.192048811574157e-06,0.2267735462103337
F22Q10415618,2022,202304,96999.1,806.0,48.0,48.0,18.0,ME,3.875,39.0,0,3.1496638830612715e-06,0.22979469424658747
F22Q10517218,2022,202304,122299.0,790.0,36.0,36.0,11.0,NM,2.75,30.0,0,5.674104679916431e-07,0.2298167464220346
F22Q30143065,2022,202308,164883.0,809.0,50.0,50.0,12.0,OH,4.625,43.0,0,4.670456365847254e-06,0.23026881601870022
F22Q10576408,2022,202304,51345.4,790.0,19.0,23.0,19.0,UT,3.0,16.0,0,1.0688811566179142e-06,0.2308642247557722
F22Q10162729,2022,202302,105376.0,795.0,23.0,23.0,22.0,MO,2.5,20.0,0,1.470720557624436e-06,0.2310516682470726
F22Q20303511,2022,202307,232600.0,800.0,35.0,35.0,21.0,TX,4.375,32.0,0,2.762340938551424e-06,0.2313162943524379
F22Q10321089,2022,202303,177908.0,814.0,48.0,48.0,23.0,MO,2.875,43.0,0,2.2799267032777615e-06,0.23138245087877923
F22Q30197384,2022,202308,94603.9,791.0,20.0,20.0,18.0,VA,4.375,16.0,0,2.1886079514960287e-06,0.23152579001918547
F22Q10032792,2022,202302,202091.0,810.0,24.0,24.0,28.0,CA,2.5,21.0,0,1.5333534064225805e-06,0.232374798773899
F22Q10143911,2022,202302,69522.8,799.0,46.0,46.0,17.0,MO,2.875,39.0,0,1.653167045151287e-06,0.2326283987915408
F22Q20203352,2022,202306,471894.0,804.0,27.0,27.0,24.0,CA,2.375,29.0,0,3.6113242141396656e-06,0.23413897280966767
F22Q30332884,2022,202310,103618.0,806.0,20.0,20.0,23.0,CA,5.625,20.0,0,5.454027920227871e-06,0.23442565109048014
F22Q40119181,2022,202312,98652.9,802.0,19.0,19.0,21.0,NC,5.5,19.0,0,5.607082551624462e-06,0.2345248858799921
F22Q20023292,2022,202305,143408.0,798.0,35.0,35.0,22.0,TX,2.375,32.0,0,1.4002676309127242e-06,0.23493285112576354
F22Q10318690,2022,202303,62090.1,788.0,19.0,19.0,18.0,KY,2.75,17.0,0,4.589743510953689e-07,0.23664189472291436
F22Q10232719,2022,202302,111433.0,785.0,20.0,20.0,12.0,AZ,2.5,19.0,0,4.832868980661982e-07,0.2366859990738086
F22Q10141389,2022,202303,146248.0,798.0,38.0,38.0,16.0,AZ,2.875,36.0,0,3.76924557469898e-06,0.23678523386332062
F22Q30069901,2022,202308,73793.7,809.0,19.0,19.0,26.0,NC,5.25,19.0,0,4.038326414217828e-06,0.23811939047787062
F22Q10349538,2022,202303,89629.5,789.0,26.0,30.0,18.0,IL,2.375,23.0,0,5.155410384772943e-07,0.23816349482876484
F22Q10433021,2022,202304,79592.7,810.0,38.0,38.0,24.0,OR,3.5,34.0,0,3.702287437441208e-06,0.23966304275916817
F22Q10125581,2022,202302,113034.0,805.0,37.0,50.0,24.0,MD,2.875,34.0,0,2.5794960433053225e-06,0.23981740798729795
F22Q20244808,2022,202306,98157.9,800.0,39.0,39.0,15.0,IL,4.375,33.0,0,4.769204959111368e-06,0.23999382539087485
F22Q10102655,2022,202302,225686.0,815.0,35.0,35.0,28.0,CA,2.25,33.0,0,1.154620272473543e-06,0.24164773854940785
F22Q20046584,2022,202305,116113.0,812.0,35.0,35.0,27.0,NJ,3.5,29.0,0,2.080303214411891e-06,0.24211083423379717
F22Q20110280,2022,202305,151671.0,816.0,45.0,45.0,26.0,AZ,2.875,40.0,0,1.0787353818847448e-06,0.242188016847862
F22Q20114646,2022,202305,171862.0,800.0,50.0,50.0,15.0,AR,3.125,42.0,0,1.8636685524451587e-06,0.24323549518159973
F22Q40103235,2022,202312,74181.4,813.0,14.0,14.0,16.0,MT,6.625,13.0,0,1.1296394290350076e-05,0.24415066046265466
F22Q40028967,2022,202311,206630.0,815.0,43.0,43.0,15.0,AL,4.99,40.0,0,8.005782450156454e-06,0.24512095618232735
F22Q10106315,2022,202302,78522.1,808.0,27.0,27.0,27.0,FL,2.5,25.0,0,2.5320495098407433e-06,0.24604714755110588
F22Q10428514,2022,202303,87961.2,809.0,43.0,43.0,22.0,PA,3.375,40.0,0,4.122666909232098e-06,0.24653229541094226
F22Q30202313,2022,202308,189279.0,790.0,27.0,27.0,20.0,NC,3.0,23.0,0,5.217113765539332e-07,0.24896906079784775
F22Q10065466,2022,202302,191257.0,794.0,23.0,23.0,17.0,CA,3.5,23.0,0,4.690163805012489e-06,0.25164840011467127
F22Q10101005,2022,202302,139275.0,804.0,32.0,32.0,25.0,MN,3.5,32.0,0,2.927301604229279e-06,0.2518468696936953
F22Q30288999,2022,202309,121893.0,814.0,25.0,25.0,28.0,NC,4.875,23.0,0,3.194887019882362e-06,0.2521666262376784
F22Q10525278,2022,202304,237098.0,801.0,55.0,55.0,10.0,PA,3.5,56.0,0,1.3641292034335286e-06,0.2530266610801155
F22Q20281871,2022,202307,70491.8,798.0,42.0,42.0,17.0,PA,5.25,37.0,0,3.393135302986019e-06,0.2530376871678391
F22Q10323554,2022,202303,115717.0,797.0,51.0,51.0,9.0,KS,2.625,40.0,0,1.1870754807830352e-06,0.2530928176064569
F22Q10010125,2022,202302,210123.0,800.0,32.0,32.0,24.0,CO,2.99,31.0,0,2.275984448689547e-06,0.2530928176064569
F22Q10003308,2022,202302,64793.5,801.0,38.0,38.0,19.0,WI,2.875,32.0,0,4.788112825052004e-06,0.2544931307473482
F22Q10162864,2022,202302,125650.0,817.0,34.0,34.0,29.0,SC,2.25,29.0,0,1.0083881506176166e-06,0.25528700906344404
F22Q30314187,2022,202310,187150.0,793.0,36.0,36.0,17.0,CO,4.125,35.0,0,2.654775396144704e-06,0.2559926786777516
F22Q20202180,2022,202305,41714.8,817.0,18.0,18.0,14.0,MI,4.49,16.0,0,1.2805619580644369e-05,0.25680860916929454
F22Q20090462,2022,202305,360199.0,816.0,60.0,60.0,15.0,FL,3.5,53.0,0,2.099689523011184e-06,0.2570842613623834
F22Q20128949,2022,202305,221039.0,801.0,34.0,34.0,14.0,WA,4.0,32.0,0,7.188851782950597e-06,0.25805455708205616
F22Q40080256,2022,202312,104723.0,793.0,28.0,28.0,15.0,DE,4.75,26.0,0,4.650089998453762e-06,0.25816481795929175
F22Q10340770,2022,202303,200910.0,807.0,41.0,41.0,24.0,TX,3.75,41.0,0,3.1382149759800833e-06,0.2585066266787218
F22Q10299164,2022,202303,246494.0,797.0,36.0,36.0,21.0,UT,2.875,34.0,0,2.7208145829040057e-06,0.2593887136966062
F22Q40204104,2022,202401,118524.0,811.0,29.0,29.0,14.0,WY,5.99,27.0,0,1.1045488642616877e-05,0.2595100006615653
F22Q30266758,2022,202310,118200.0,804.0,27.0,27.0,22.0,NC,4.907,27.0,0,6.279652275463383e-06,0.26002822678457227
F22Q10489822,2022,202304,217448.0,811.0,52.0,52.0,12.0,NJ,3.375,46.0,0,5.778013211766602e-06,0.2602266963635963
F22Q10018815,2022,202302,220294.0,809.0,41.0,41.0,26.0,NC,2.989,34.0,0,2.1365106790296005e-06,0.2613182790482281
F22Q10262248,2022,202303,67960.9,808.0,43.0,43.0,19.0,WI,3.5,32.0,0,6.158470879400307e-06,0.2625090965223719
F22Q10053958,2022,202302,152885.0,817.0,56.0,56.0,11.0,AZ,3.0,52.0,0,5.287897776168723e-06,0.26311553134716736
F22Q10208576,2022,202303,165089.0,803.0,53.0,53.0,17.0,PA,3.625,49.0,0,2.48043880645351e-06,0.2642512183826935
F22Q20137789,2022,202306,113043.0,808.0,48.0,48.0,16.0,LA,5.375,43.0,0,5.97020361773372e-06,0.2649458619092773
F22Q10254488,2022,202303,159978.0,808.0,50.0,50.0,20.0,IL,3.125,45.0,0,3.793470938823844e-06,0.26507817496195996
F22Q10339697,2022,202303,354684.0,803.0,50.0,50.0,17.0,FL,2.25,45.0,0,3.703659946163738e-06,0.26622488808520967
F22Q10079441,2022,202302,235753.0,812.0,14.0,14.0,30.0,CA,2.18,999.0,0,1.8340729712500435e-06,0.2664674620151278
F22Q30131593,2022,202309,118420.0,808.0,12.0,12.0,17.0,CO,5.625,12.0,0,1.1005498259657082e-05,0.26699671422585836
F22Q20138295,2022,202305,120696.0,794.0,46.0,46.0,15.0,KY,3.25,40.0,0,1.8636032348149652e-06,0.26711800119081747
F22Q10351598,2022,202304,137705.0,799.0,46.0,46.0,21.0,PA,3.25,41.0,0,1.703272567651583e-06,0.26955476657772287
F22Q10331781,2022,202303,173098.0,820.0,49.0,49.0,26.0,UT,2.875,45.0,0,1.8021111032350525e-06,0.2700619666130064
F22Q10550402,2022,202305,112795.0,792.0,32.0,32.0,21.0,MO,3.625,26.0,0,1.8797145897106472e-06,0.27174895803471016
F22Q10546041,2022,202304,144380.0,799.0,39.0,39.0,22.0,TX,3.625,38.0,0,2.963951147298325e-06,0.2717820362978808
F22Q10079504,2022,202302,127485.0,808.0,15.0,15.0,30.0,CA,2.125,15.0,0,5.140167328034349e-07,0.2719805058769047
F22Q10578534,2022,202305,202700.0,797.0,33.0,33.0,13.0,SC,3.5,28.0,0,6.490100831580928e-06,0.27200255805235185
F22Q20018622,2022,202305,190445.0,809.0,54.0,54.0,22.0,IL,3.49,46.0,0,1.7645185214126469e-06,0.2728736189825126
F22Q10143872,2022,202302,61256.0,794.0,20.0,20.0,17.0,IN,3.125,999.0,0,5.825098407340813e-06,0.2730169581229188
F22Q10521196,2022,202304,111010.0,805.0,32.0,32.0,26.0,TX,4.0,29.0,0,3.39064335547779e-06,0.27345800163186096
F22Q30206071,2022,202309,91498.2,805.0,43.0,43.0,24.0,NY,3.5,39.0,0,2.9072507910859836e-06,0.2735351842459259
F22Q30045632,2022,202308,209123.0,817.0,41.0,41.0,23.0,MN,4.5,37.0,0,6.414234143536482e-06,0.2739982799303151
F22Q10124237,2022,202302,203035.0,800.0,33.0,33.0,26.0,UT,2.5,31.0,0,1.227122581708373e-06,0.27424085386023334
F22Q20291193,2022,202306,245501.0,794.0,34.0,34.0,22.0,NY,3.875,30.0,0,1.9667909224211417e-06,0.27434008864974524
F22Q10463178,2022,202303,409043.0,799.0,36.0,36.0,23.0,WA,2.875,36.0,0,2.9919072778154227e-06,0.27440624517608664
F22Q10529082,2022,202304,64242.2,817.0,41.0,41.0,22.0,NY,4.5,37.0,0,7.2053558061848595e-06,0.2754537235098242
F22Q40109938,2022,202312,218796.0,800.0,48.0,48.0,20.0,TX,4.25,46.0,0,2.478493847182608e-06,0.276622488808521
F22Q10524782,2022,202304,73834.3,808.0,42.0,42.0,24.0,VA,3.0,24.0,0,4.096952422308856e-06,0.2770855844929102
F22Q10140010,2022,202302,89664.0,789.0,25.0,25.0,22.0,WV,2.375,21.0,0,3.4132284199865505e-07,0.27719584537014574
F22Q30080273,2022,202308,60958.2,796.0,27.0,27.0,12.0,GA,5.0,25.0,0,7.259322410356569e-06,0.2773281584228284
F22Q30077129,2022,202308,128249.0,807.0,20.0,20.0,16.0,IN,5.5,19.0,0,1.1337861088805255e-05,0.27882770635323173
F22Q40011153,2022,202311,167781.0,804.0,35.0,35.0,21.0,CA,5.625,32.0,0,6.620165198031631e-06,0.27897104549363794
F22Q10189315,2022,202303,114226.0,812.0,41.0,41.0,13.0,TX,3.75,38.0,0,1.013407911726184e-05,0.27970979337111607
F22Q10368178,2022,202304,158562.0,796.0,42.0,42.0,18.0,AZ,3.25,33.0,0,3.425443475747992e-06,0.28037135863452933
F22Q30266912,2022,202310,135387.0,816.0,31.0,31.0,22.0,WA,4.895,30.0,0,9.26012755953837e-06,0.28044854124859414
F22Q20358938,2022,202306,179955.0,802.0,47.0,47.0,23.0,CA,4.25,46.0,0,1.978023908556455e-06,0.2808124021434715
F22Q20220641,2022,202306,122659.0,794.0,39.0,39.0,19.0,ME,4.125,34.0,0,2.9290451575066617e-06,0.28082342823119494
F22Q40062691,2022,202311,123429.0,804.0,20.0,20.0,14.0,AZ,5.875,18.0,0,1.1124729212060266e-05,0.2813526804419256
F22Q10520966,2022,202304,220027.0,799.0,49.0,49.0,20.0,LA,3.5,999.0,0,2.0402044002623175e-06,0.2817496195999735
F22Q20081395,2022,202305,59034.6,814.0,28.0,28.0,26.0,FL,4.25,25.0,0,6.364952037110109e-06,0.2825986283546872
F22Q10038295,2022,202302,183299.0,804.0,56.0,56.0,18.0,MD,2.25,48.0,0,2.1761743661238875e-06,0.2826868370564756
F22Q10575993,2022,202304,105774.0,795.0,29.0,39.0,25.0,PA,2.875,24.0,0,8.79517784628266e-07,0.2832050631794827
F22Q40109972,2022,202311,51400.5,788.0,18.0,18.0,11.0,IN,5.125,16.0,0,4.990744794120809e-06,0.2834476371094008
F22Q10528074,2022,202304,189998.0,806.0,29.0,29.0,29.0,MT,2.75,22.0,0,1.182559828880985e-06,0.2839548371446844
F22Q40000222,2022,202311,21590.1,811.0,22.0,22.0,15.0,MO,6.0,12.0,0,1.294174416732583e-05,0.2839658632324079
F22Q10333304,2022,202303,167489.0,819.0,58.0,58.0,19.0,MN,3.375,49.0,0,3.7273496406896474e-06,0.28425254151322027
F22Q10219008,2022,202303,221111.0,811.0,59.0,59.0,19.0,WI,3.375,52.0,0,2.365651279731652e-06,0.2851346285311046
F22Q40206725,2022,202312,227621.0,812.0,41.0,41.0,15.0,TN,6.5,36.0,0,1.0079519943505866e-05,0.28569695900500586
F22Q10306027,2022,202303,209525.0,782.0,23.0,23.0,17.0,WA,2.75,23.0,0,4.252719278725804e-07,0.2862262112157365
F22Q10223857,2022,202302,275837.0,817.0,53.0,53.0,25.0,MN,2.75,50.0,0,1.8016626045611116e-06,0.28662315037378433
F22Q40139591,2022,202401,77868.5,809.0,44.0,44.0,11.0,NY,6.0,33.0,0,9.325246489492338e-06,0.2866672547246786
F22Q20126562,2022,202305,335540.0,804.0,44.0,44.0,19.0,UT,4.75,38.0,0,6.070726529849707e-06,0.2869980373563852
F22Q30049512,2022,202308,140325.0,808.0,37.0,37.0,23.0,AZ,4.5,26.0,0,6.3436104181937664e-06,0.28715240258451497
F22Q20340409,2022,202307,86436.6,809.0,43.0,43.0,14.0,MI,3.875,38.0,0,9.302324488778253e-06,0.28828808962004104
F22Q10262365,2022,202302,219207.0,802.0,50.0,50.0,20.0,GA,2.75,46.0,0,3.2328278165932114e-06,0.28936864621694935
F22Q10545733,2022,202304,620574.0,801.0,49.0,49.0,20.0,NY,3.75,47.0,0,3.258508218780581e-06,0.29009636800670385
F22Q10340559,2022,202304,103962.0,819.0,59.0,59.0,16.0,NY,3.49,52.0,0,4.6502468564859094e-06,0.2906917767437758
F22Q30331025,2022,202310,123856.0,797.0,30.0,30.0,25.0,AZ,4.375,27.0,0,2.3665927777043967e-06,0.29082408979645846
F22Q10036586,2022,202302,342074.0,800.0,55.0,55.0,14.0,NC,3.0,52.0,0,2.575423623397812e-06,0.2915848898493837
F22Q20277872,2022,202306,127772.0,812.0,31.0,31.0,19.0,AZ,5.25,32.0,0,1.1033534024154696e-05,0.29268749862173904
F22Q10370753,2022,202304,267013.0,794.0,43.0,43.0,20.0,IA,2.375,38.0,0,2.205968829876658e-06,0.2933821421483229
F22Q20379072,2022,202307,161844.0,813.0,24.0,24.0,31.0,CA,4.5,23.0,0,1.375226022893504e-06,0.29399960306084194
F22Q20101632,2022,202305,99938.8,809.0,27.0,27.0,21.0,CO,4.5,23.0,0,9.947225189627387e-06,0.29402165523628904
F22Q10093854,2022,202302,428724.0,796.0,43.0,43.0,20.0,NJ,3.125,41.0,0,2.985602944840533e-06,0.29427525525393083
F22Q10144696,2022,202302,257856.0,796.0,44.0,44.0,13.0,FL,2.75,33.0,0,4.915623964187052e-06,0.29446269874523123
F22Q40194939,2022,202312,237583.0,817.0,46.0,46.0,26.0,WA,4.0,42.0,0,3.781688190195933e-06,0.2949037422541734
F22Q20055523,2022,202305,146692.0,795.0,50.0,50.0,19.0,SC,3.0,45.0,0,3.0236724402917804e-07,0.2977594989745739
F22Q10414967,2022,202304,81972.0,811.0,27.0,27.0,23.0,AZ,3.375,999.0,0,9.310687310190204e-06,0.29824464683441027
F22Q10106015,2022,202302,342539.0,806.0,59.0,59.0,5.0,IL,2.875,54.0,0,3.921675441697787e-06,0.2998544556420491
F22Q30124220,2022,202309,79760.5,801.0,33.0,33.0,13.0,NC,5.99,28.0,0,9.575095204473508e-06,0.3002734469755441
F22Q10254190,2022,202305,236133.0,799.0,47.0,47.0,15.0,MI,3.875,40.0,0,5.3638757000998245e-06,0.300549099168633
F22Q20087348,2022,202305,208428.0,791.0,44.0,44.0,19.0,MO,3.25,39.0,0,1.272064729228935e-06,0.30073654265993344
F22Q10000476,2022,202302,106653.0,798.0,41.0,41.0,24.0,OH,2.375,38.0,0,2.135362025025427e-06,0.30113348181798133
F22Q10212196,2022,202303,286894.0,790.0,42.0,42.0,16.0,MA,2.5,37.0,0,2.587394524290823e-06,0.30134297748472894
F22Q20284423,2022,202307,96107.9,790.0,10.0,10.0,21.0,CA,5.125,10.0,0,4.100549906989292e-06,0.3015414470637529
F22Q30233272,2022,202308,69562.5,817.0,42.0,42.0,22.0,MN,4.832,35.0,0,8.320806180960783e-06,0.3024896906079785
F22Q10038592,2022,202302,220302.0,808.0,50.0,50.0,20.0,UT,3.0,54.0,0,5.609699805970743e-06,0.3025227688711491
F22Q20216469,2022,202305,98249.0,788.0,24.0,24.0,14.0,UT,4.5,22.0,0,5.191585552187939e-06,0.30277636888879084
F22Q10450573,2022,202304,98200.4,798.0,47.0,47.0,16.0,GA,3.875,41.0,0,4.960023867970241e-06,0.3047941429422012
F22Q30199837,2022,202308,201665.0,803.0,33.0,33.0,21.0,CA,6.375,31.0,0,7.929091570187737e-06,0.305345447328379
F22Q20359042,2022,202307,232222.0,810.0,47.0,47.0,21.0,TX,4.5,999.0,0,6.779406906564001e-06,0.3054336560301673
F22Q10339534,2022,202304,251067.0,796.0,50.0,50.0,20.0,SC,2.125,43.0,0,1.30536405822558e-06,0.30638189957439305
F22Q10370725,2022,202304,310662.0,814.0,32.0,32.0,28.0,CA,3.99,28.0,0,5.03396275778893e-06,0.30764989966260176
F22Q10499567,2022,202304,242212.0,812.0,62.0,62.0,11.0,NC,3.25,57.0,0,3.5714378384818e-06,0.3079365779434141
F22Q10467105,2022,202304,174594.0,809.0,29.0,29.0,30.0,MD,3.625,26.0,0,2.1966455214003443e-06,0.30819017796105586
F22Q10055364,2022,202302,177479.0,793.0,45.0,45.0,21.0,LA,2.49,44.0,0,1.2983134576559162e-06,0.30913842150528154
F22Q10506813,2022,202304,317440.0,809.0,57.0,57.0,23.0,OK,2.0,50.0,0,1.648313152230942e-06,0.3105387346461728
F22Q20278640,2022,202307,166107.0,809.0,50.0,50.0,12.0,MN,5.125,46.0,0,8.53883555035181e-06,0.31075925640064384
F22Q10307575,2022,202302,162020.0,803.0,50.0,50.0,25.0,NC,2.49,41.0,0,9.082679364962334e-07,0.3118177608221051
F22Q10182016,2022,202303,138167.0,807.0,57.0,57.0,16.0,MD,2.903,54.0,0,4.680244532312906e-06,0.31199417822568193
F22Q30039994,2022,202308,82159.5,800.0,33.0,33.0,28.0,NC,3.875,11.0,0,8.367345159335642e-07,0.3122257260678767
F22Q20389747,2022,202307,285817.0,820.0,43.0,43.0,18.0,GA,5.125,39.0,0,1.085682078575463e-05,0.3128431869803957
F22Q20359951,2022,202307,123237.0,806.0,40.0,40.0,23.0,MN,5.25,37.0,0,6.492111911240672e-06,0.3130196043839725
F22Q10299867,2022,202303,224283.0,800.0,48.0,48.0,18.0,VA,2.5,42.0,0,5.196105222508969e-06,0.3141111870686043
F22Q10319092,2022,202302,149014.0,809.0,42.0,42.0,29.0,IL,2.75,37.0,0,1.0035294730784377e-06,0.31418836968266917
F22Q10370832,2022,202304,152208.0,804.0,46.0,46.0,11.0,MI,3.763,43.0,0,8.773743995064169e-06,0.31460736101616427
F22Q40074789,2022,202312,132027.0,798.0,40.0,40.0,23.0,NY,5.75,29.0,0,3.808665815497726e-06,0.31504840452510635
F22Q10528088,2022,202304,269686.0,811.0,53.0,53.0,21.0,GA,2.875,45.0,0,5.367353590534207e-06,0.3153130306304717
F22Q40067095,2022,202312,122384.0,795.0,41.0,41.0,17.0,TX,4.75,40.0,0,5.332841844051095e-06,0.31553355238494285
F22Q30333500,2022,202310,83025.5,808.0,35.0,35.0,9.0,AZ,5.375,22.0,0,1.2748078641387607e-05,0.3157209958762432
F22Q20120695,2022,202306,89465.1,778.0,27.0,27.0,14.0,IL,3.99,22.0,0,7.561233096701472e-07,0.3160848567711204
F22Q10124325,2022,202302,132136.0,781.0,36.0,36.0,9.0,ID,2.375,36.0,0,1.5825037920852313e-06,0.3163164046133151
F22Q20175312,2022,202306,99215.2,801.0,33.0,33.0,28.0,MS,4.125,29.0,0,1.8206721333745436e-06,0.31642666549055065
F22Q20060932,2022,202305,152902.0,801.0,27.0,27.0,22.0,MA,4.375,22.0,0,7.925253317992774e-06,0.31649282201689194
F22Q20114059,2022,202305,206801.0,804.0,51.0,51.0,19.0,FL,3.999,45.0,0,5.3534515891143335e-06,0.31763953514014154
F22Q10020705,2022,202302,545752.0,806.0,60.0,60.0,20.0,IL,2.25,49.0,0,1.1567128387137568e-06,0.31912805698282143
F22Q30060367,2022,202308,80472.4,802.0,30.0,30.0,26.0,OH,4.5,999.0,0,4.977634547846736e-06,0.3191721613337156
F22Q20434187,2022,202306,263848.0,807.0,53.0,53.0,22.0,OH,3.75,47.0,0,3.944966670070909e-06,0.3196352570181048
F22Q10301314,2022,202303,152088.0,804.0,47.0,47.0,17.0,GA,3.625,45.0,0,7.63944232327553e-06,0.31998809182525856
F22Q30172550,2022,202308,74012.7,795.0,23.0,23.0,22.0,FL,5.625,21.0,0,6.036872196078122e-06,0.32236972677354625
F22Q10329633,2022,202302,296363.0,777.0,11.0,12.0,17.0,CA,2.375,12.0,0,8.32613689737384e-07,0.3226343528789115
F22Q10311968,2022,202303,176893.0,788.0,42.0,42.0,20.0,PA,2.375,36.0,0,9.169935208935428e-07,0.3232407877037069
F22Q10020452,2022,202302,172259.0,812.0,60.0,60.0,18.0,LA,3.25,54.0,0,3.993517436960712e-06,0.32429929212516817
F22Q20196463,2022,202305,612518.0,791.0,39.0,39.0,20.0,MA,3.25,35.0,0,3.321022183575396e-06,0.3247072573709397
F22Q30055902,2022,202308,158198.0,812.0,48.0,48.0,27.0,CA,4.709,39.0,0,3.082559697226702e-06,0.3247844399850045
F22Q10128729,2022,202302,141799.0,803.0,60.0,60.0,15.0,GA,3.25,51.0,0,2.57963962172791e-06,0.32481751824817523
F22Q10235125,2022,202303,145402.0,810.0,29.0,29.0,24.0,GA,3.375,28.0,0,9.404883811411252e-06,0.32493880521313423
F22Q10032438,2022,202302,365679.0,809.0,66.0,66.0,13.0,PA,2.875,59.0,0,1.6061516667927796e-06,0.32522548349394664
F22Q40216768,2022,202401,93693.2,791.0,38.0,38.0,12.0,SC,5.875,33.0,0,5.781710394342378e-06,0.3254239530729707
F22Q10109539,2022,202302,137080.0,796.0,28.0,28.0,27.0,CA,2.75,38.0,0,1.976518974314033e-06,0.3255893443888239
F22Q10469743,2022,202304,84614.1,806.0,50.0,50.0,19.0,OH,4.375,35.0,0,6.664909852764556e-06,0.32592012702053064
F22Q10151255,2022,202302,246400.0,803.0,52.0,52.0,23.0,TN,2.625,48.0,0,2.821063425850917e-06,0.32721017928418644
F22Q40055852,2022,202311,85628.6,811.0,31.0,31.0,23.0,IL,6.49,23.0,0,1.0170972369819082e-05,0.3274527532141046
F22Q20320463,2022,202307,184303.0,787.0,41.0,41.0,12.0,CA,5.125,36.0,0,3.531760090841716e-06,0.328158422828412
F22Q20062989,2022,202305,184394.0,789.0,33.0,33.0,24.0,TX,2.25,28.0,0,4.869088833845975e-07,0.3289523011445079
F22Q10561847,2022,202304,84052.4,802.0,40.0,40.0,25.0,NV,3.0,38.0,0,4.553839262937548e-06,0.32897435331995506
F22Q10348535,2022,202304,134553.0,804.0,59.0,59.0,20.0,MI,2.75,52.0,0,2.2691319465081017e-06,0.3293161620393852
F22Q20191575,2022,202306,151328.0,806.0,42.0,42.0,20.0,MI,4.99,38.0,0,8.764447565658708e-06,0.32991157077645716
F22Q30167568,2022,202309,188908.0,792.0,20.0,20.0,26.0,TX,3.625,19.0,0,2.27556326027899e-06,0.33044082298718774
F22Q10581654,2022,202304,147471.0,820.0,39.0,39.0,28.0,GA,4.25,33.0,0,5.339028790776597e-06,0.3308708404084063
F22Q30163649,2022,202309,242698.0,794.0,37.0,37.0,24.0,WA,4.375,34.0,0,2.7427021348101975e-06,0.3312677795664542
F22Q20048406,2022,202305,147520.0,787.0,26.0,26.0,19.0,IL,4.25,23.0,0,4.469514779625008e-06,0.33177497960173774
F22Q10199957,2022,202303,150078.0,788.0,35.0,47.0,23.0,PA,2.375,32.0,0,1.0195693179375851e-06,0.33263501444417487
F22Q30334283,2022,202310,138140.0,793.0,43.0,43.0,21.0,KY,4.5,33.0,0,3.238521298644854e-06,0.334288927602708
F22Q40184240,2022,202312,144828.0,804.0,38.0,38.0,27.0,NC,5.5,34.0,0,4.032971585664401e-06,0.33441021456766706
F22Q10361602,2022,202304,609247.0,796.0,26.0,26.0,11.0,NV,3.5,25.0,0,1.030762281964418e-05,0.33460868414669104
F22Q10363494,2022,202304,611850.0,801.0,39.0,39.0,21.0,TX,2.75,35.0,0,7.434670075540475e-06,0.33465278849758523
F22Q20373198,2022,202307,148115.0,809.0,50.0,50.0,16.0,WI,5.875,45.0,0,9.02845067161889e-06,0.33492844069067407
F22Q10542299,2022,202304,313847.0,812.0,54.0,54.0,15.0,AZ,3.5,50.0,0,8.447373775418222e-06,0.3352261450592101
F22Q10056388,2022,202302,171689.0,817.0,40.0,40.0,22.0,MI,3.625,38.0,0,1.0415583790224496e-05,0.33552384942774593
F22Q40035038,2022,202311,344744.0,803.0,48.0,48.0,23.0,DE,3.5,44.0,0,4.78952124689656e-06,0.3358325798840056
F22Q20055427,2022,202305,139858.0,819.0,43.0,43.0,29.0,MA,2.99,36.0,0,3.588028393777719e-06,0.3374203365161973
F22Q30171833,2022,202309,97389.6,780.0,25.0,25.0,12.0,NC,4.125,24.0,0,3.6430129930524382e-06,0.3377621452356274
F22Q30288805,2022,202310,126372.0,793.0,33.0,33.0,19.0,MT,4.75,19.0,0,6.425990882241446e-06,0.3386221800780647
F22Q20087346,2022,202305,190908.0,785.0,39.0,39.0,17.0,AZ,3.625,36.0,0,2.59458979645596e-06,0.33896398879749484
F22Q20152519,2022,202306,214073.0,829.0,23.0,23.0,5.0,CA,4.875,20.0,0,1.881110216324005e-05,0.3397468410258671
F22Q10254489,2022,202303,204763.0,809.0,60.0,60.0,13.0,NJ,3.25,56.0,0,5.341685383561879e-06,0.33980197146448493
F22Q10362030,2022,202304,166737.0,808.0,53.0,53.0,23.0,VA,3.5,47.0,0,4.493559844566495e-06,0.33993428451716756
F22Q10533746,2022,202304,184919.0,812.0,11.0,11.0,33.0,CA,2.75,10.0,0,1.3352661524781058e-06,0.3400776236575738
F22Q20396756,2022,202307,147933.0,809.0,34.0,34.0,28.0,TX,5.375,31.0,0,5.352178251367058e-06,0.3402981454120449
F22Q10200396,2022,202303,183559.0,788.0,45.0,45.0,14.0,GA,3.375,40.0,0,3.351079468123654e-06,0.34100381502635235
F22Q30270674,2022,202309,75931.4,797.0,18.0,18.0,29.0,ID,4.75,17.0,0,1.741230631462123e-06,0.34147793679846516
F22Q10436966,2022,202303,179412.0,805.0,26.0,26.0,31.0,CA,3.375,23.0,0,1.7812722296226674e-06,0.3417315368161069
F22Q10138876,2022,202302,282992.0,790.0,50.0,50.0,19.0,NJ,2.25,43.0,0,7.208474480231135e-07,0.3421725803250491
F22Q20338896,2022,202306,255135.0,798.0,52.0,52.0,18.0,CT,4.99,45.0,0,4.3551112281855e-06,0.34279004123756807
F22Q10140897,2022,202302,81318.8,786.0,41.0,41.0,19.0,TN,2.5,33.0,0,2.014790207697925e-06,0.34335237171146926
F22Q40217970,2022,202401,180542.0,807.0,28.0,28.0,26.0,FL,5.375,27.0,0,7.868196283743475e-06,0.3435067369395991
F22Q10445884,2022,202304,162921.0,788.0,44.0,44.0,17.0,NY,3.25,41.0,0,3.00531170317093e-06,0.34408009350122387
F22Q30000348,2022,202308,94415.5,801.0,40.0,40.0,16.0,IN,5.125,36.0,0,9.769795163424752e-06,0.3442124065539065
F22Q40178476,2022,202401,101040.0,788.0,28.0,28.0,15.0,GA,6.5,22.0,0,6.588874404374067e-06,0.34489602399276686
F22Q30022648,2022,202308,98524.7,801.0,50.0,50.0,15.0,OH,5.0,45.0,0,7.278567306686728e-06,0.34537014576487973
F22Q10165309,2022,202303,203027.0,814.0,42.0,42.0,27.0,NC,3.5,39.0,0,5.944347283962044e-06,0.34550245881756236
F22Q30057753,2022,202308,72886.0,802.0,48.0,48.0,21.0,IA,4.99,41.0,0,6.139739456636008e-06,0.3456237457825215
F22Q20249561,2022,202306,224560.0,796.0,51.0,51.0,15.0,WV,4.875,47.0,0,4.843694149134693e-06,0.3460647892914636
F22Q10179996,2022,202303,131606.0,813.0,35.0,35.0,32.0,NC,2.5,30.0,0,1.0494491939818284e-06,0.34729971111650165
F22Q10136624,2022,202302,176186.0,799.0,50.0,50.0,21.0,MI,2.25,46.0,0,4.317139487126606e-06,0.34756433722186697
F22Q10232762,2022,202303,223867.0,810.0,59.0,59.0,23.0,NJ,2.875,52.0,0,2.9012902866414383e-06,0.3479171720290206
F22Q10064283,2022,202302,64418.2,792.0,41.0,41.0,23.0,NY,3.49,35.0,0,2.6047049709999e-06,0.3480164068185327
F22Q10225158,2022,202302,188766.0,776.0,26.0,26.0,11.0,MA,2.375,24.0,0,2.3988262519942437e-06,0.34804948508170325
F22Q30041645,2022,202309,133303.0,792.0,44.0,44.0,9.0,OH,5.125,36.0,0,6.2093426384147275e-06,0.34887644166096987
F22Q40094983,2022,202312,170917.0,798.0,38.0,38.0,26.0,DE,3.375,35.0,0,3.392735623846654e-06,0.34895362427503474
F22Q30265972,2022,202310,196702.0,783.0,23.0,23.0,15.0,SC,4.837,21.0,0,5.272043030815655e-06,0.35023265045096696
F22Q10008685,2022,202301,238495.0,812.0,29.0,29.0,29.0,CA,3.375,27.0,0,6.081053476792355e-06,0.35073985048625045
F22Q30164900,2022,202309,423500.0,804.0,47.0,47.0,16.0,NJ,5.5,42.0,0,9.510693091594297e-06,0.35122499834608684
F22Q10046335,2022,202302,318395.0,793.0,50.0,50.0,19.0,CO,3.25,49.0,0,2.9686892350910858e-06,0.35124705052153393
F22Q10470983,2022,202304,85852.2,806.0,50.0,50.0,26.0,KY,3.75,42.0,0,3.168555327605587e-06,0.3513352592233224
F22Q30107495,2022,202309,179451.0,792.0,43.0,43.0,21.0,GA,4.75,37.0,0,3.645204258300156e-06,0.35143449401283444
F22Q20036100,2022,202305,490806.0,797.0,16.0,16.0,20.0,CA,3.75,18.0,0,9.943339896382329e-06,0.35215118971486536
F22Q30036638,2022,202308,117536.0,814.0,57.0,57.0,24.0,NC,4.625,49.0,0,4.002290764480814e-06,0.35247094625884845
F22Q10340932,2022,202303,154958.0,809.0,65.0,65.0,18.0,DE,2.5,52.0,0,2.357785027325943e-06,0.353000198469579
F22Q10349399,2022,202303,218091.0,802.0,51.0,54.0,16.0,OR,4.0,51.0,0,7.436040167669364e-06,0.3533750854521799
F22Q20089998,2022,202305,79485.3,788.0,25.0,25.0,12.0,FL,4.125,22.0,0,7.861503023241797e-06,0.35465411162811206
F22Q30200839,2022,202308,196243.0,812.0,58.0,58.0,24.0,AZ,3.625,51.0,0,3.3870528370388636e-06,0.35535978124241957
F22Q10487234,2022,202303,182117.0,790.0,43.0,47.0,17.0,GA,3.0,40.0,0,4.756891074242447e-06,0.35561338126006137
F22Q20104440,2022,202305,269862.0,786.0,23.0,23.0,19.0,CA,3.999,999.0,0,5.507265053457429e-06,0.35724524224314724
F22Q30000391,2022,202308,295473.0,806.0,41.0,41.0,22.0,CO,4.875,38.0,0,9.209201599929566e-06,0.35747679008534194
F22Q20119417,2022,202305,373496.0,784.0,46.0,46.0,17.0,RI,2.5,39.0,0,1.191079243733005e-06,0.3574878161730656
F22Q20343036,2022,202307,245565.0,819.0,49.0,49.0,17.0,OH,5.125,43.0,0,1.1774170075615418e-05,0.35771936401526017
F22Q10532398,2022,202304,99683.8,779.0,35.0,35.0,17.0,FL,3.75,30.0,0,1.6418562431077622e-06,0.35791783359428414
F22Q10145944,2022,202302,122227.0,787.0,39.0,39.0,22.0,AR,2.625,35.0,0,1.9965899478599093e-06,0.35795091185745476
F22Q40134385,2022,202311,71622.1,775.0,10.0,10.0,16.0,SC,5.25,8.0,0,2.431064542699579e-06,0.3579619379451782
F22Q10088831,2022,202302,174748.0,808.0,65.0,65.0,19.0,PA,2.25,61.0,0,1.9662642782235455e-06,0.36015612940216546
F22Q10113442,2022,202302,241205.0,801.0,55.0,55.0,21.0,NJ,3.375,47.0,0,3.85739794257426e-06,0.3602002337530597
F22Q10173034,2022,202304,95824.5,814.0,35.0,35.0,29.0,MN,3.875,15.0,0,5.909247971329984e-06,0.3602663902794011
F22Q10576216,2022,202305,112786.0,805.0,47.0,47.0,29.0,PA,2.875,43.0,0,9.039499614890824e-07,0.36149028601671557
F22Q40207078,2022,202312,120240.0,785.0,35.0,35.0,15.0,TX,6.0,32.0,0,5.091344964464565e-06,0.36192030343793413
F22Q30243865,2022,202309,221214.0,783.0,46.0,46.0,13.0,NC,4.375,43.0,0,2.127577532227239e-06,0.36226211215736426
F22Q20303721,2022,202307,208000.0,790.0,26.0,26.0,19.0,FL,5.0,25.0,0,7.232815140332744e-06,0.36229519042053504
F22Q20000721,2022,202305,87549.7,797.0,34.0,34.0,29.0,MO,3.25,28.0,0,5.189755881897952e-07,0.3624275034732176
F22Q30239765,2022,202310,185944.0,802.0,33.0,33.0,19.0,ID,5.125,33.0,0,1.149008659135112e-05,0.36264802522768874
F22Q30317350,2022,202310,323437.0,806.0,33.0,33.0,31.0,CA,4.25,28.0,0,2.1932221216035856e-06,0.3633426687542727
F22Q10522853,2022,202304,54276.8,778.0,37.0,37.0,17.0,OH,3.875,31.0,0,8.484328001179813e-07,0.3646768253688226
F22Q20096821,2022,202305,95688.4,808.0,35.0,35.0,30.0,PA,3.0,999.0,0,3.726671444068937e-06,0.3647429818951639
F22Q10036048,2022,202302,155171.0,813.0,70.0,70.0,15.0,IL,2.25,64.0,0,1.0466401135512982e-06,0.3654927558603656
F22Q10465576,2022,202304,294831.0,781.0,23.0,23.0,14.0,WA,4.125,999.0,0,5.3873336602759775e-06,0.3657132776148367
F22Q20138474,2022,202305,56472.9,781.0,45.0,45.0,9.0,ND,4.125,37.0,0,2.062062019243056e-06,0.3657904602289016
F22Q10215584,2022,202303,508517.0,808.0,59.0,59.0,23.0,CA,3.125,55.0,0,3.221683050513151e-06,0.3659668776324784
F22Q20399863,2022,202306,135047.0,784.0,45.0,45.0,16.0,GA,4.375,39.0,0,2.3943805828388633e-06,0.36601098198337273
F22Q20084123,2022,202305,59010.5,791.0,30.0,30.0,13.0,AR,4.375,26.0,0,9.10561482614371e-06,0.3665071559309326
F22Q10355798,2022,202303,74883.9,807.0,16.0,16.0,33.0,MD,3.375,15.0,0,1.3453955667595271e-06,0.3675546342646702
F22Q10077541,2022,202302,293736.0,803.0,50.0,50.0,25.0,CA,2.999,48.0,0,4.012001498097634e-06,0.36763181687873514
F22Q10045142,2022,202302,310761.0,813.0,68.0,68.0,14.0,AZ,3.25,66.0,0,3.4956117452961204e-06,0.3682161995280835
F22Q20328172,2022,202307,131525.0,811.0,52.0,52.0,11.0,KY,5.25,46.0,0,1.1282888123620785e-05,0.36839261693166037
F22Q30197022,2022,202309,238221.0,804.0,40.0,40.0,29.0,TX,4.75,37.0,0,3.0761095797481526e-06,0.3688777647914967
F22Q20116369,2022,202305,370826.0,791.0,43.0,43.0,17.0,NJ,3.875,33.0,0,5.804194754903023e-06,0.3691644430723091
F22Q10565343,2022,202304,122897.0,776.0,18.0,18.0,17.0,CA,4.0,19.0,0,2.867384416184841e-06,0.3694070170022273
F22Q20377343,2022,202307,123217.0,800.0,34.0,34.0,25.0,FL,5.5,33.0,0,6.780758405045382e-06,0.3694731735285686
F22Q10399268,2022,202303,144799.0,781.0,31.0,31.0,22.0,MN,3.0,29.0,0,1.3288978821427876e-06,0.3699142170375107
F22Q10154487,2022,202303,106268.0,789.0,52.0,52.0,19.0,IA,3.0,45.0,0,1.1024137415049653e-06,0.36993626921295786
F22Q20375341,2022,202307,266101.0,797.0,37.0,37.0,11.0,FL,5.375,29.0,0,1.08806800040918e-05,0.3700244779147463
F22Q10311063,2022,202303,340341.0,803.0,50.0,50.0,22.0,CA,3.5,47.0,0,6.34383088238199e-06,0.37039936489734715
F22Q10341891,2022,202303,74962.8,771.0,23.0,23.0,11.0,AL,2.99,21.0,0,1.65751859951629e-06,0.37042141707279413
F22Q10550359,2022,202304,146711.0,806.0,60.0,60.0,15.0,MN,4.25,55.0,0,5.694748462254445e-06,0.3706088605640947
F22Q40061942,2022,202311,112945.0,800.0,37.0,37.0,17.0,FL,4.99,33.0,0,1.1068535102344072e-05,0.3710168258098662
F22Q10226206,2022,202303,254415.0,806.0,60.0,60.0,14.0,VA,2.75,51.0,0,5.897137565303035e-06,0.3713586345292964
F22Q20421024,2022,202307,226451.0,823.0,58.0,58.0,16.0,MA,4.75,51.0,0,9.161127678249367e-06,0.3716012084592145
F22Q40146748,2022,202401,203502.0,798.0,34.0,34.0,18.0,WY,5.5,32.0,0,1.0496721279512122e-05,0.37161223454693804
F22Q10468159,2022,202304,98200.4,782.0,42.0,42.0,16.0,SC,3.875,37.0,0,2.6197974602027462e-06,0.37221866937173353
F22Q30289095,2022,202310,235489.0,794.0,60.0,60.0,11.0,NC,4.49,49.0,0,1.702141596891456e-06,0.37246124330165165
F22Q10236007,2022,202303,406321.0,815.0,69.0,69.0,4.0,CA,2.99,63.0,0,3.966153177092781e-06,0.37256047809116366
F22Q10459014,2022,202304,196827.0,793.0,38.0,38.0,26.0,MI,3.199,34.0,0,2.4379563053825446e-06,0.37282510419652903
F22Q10041398,2022,202302,254458.0,810.0,60.0,60.0,22.0,NC,2.875,56.0,0,3.984080879954081e-06,0.3733323042318124
F22Q10294116,2022,202303,185970.0,788.0,46.0,46.0,15.0,KY,3.25,44.0,0,4.490264866973382e-06,0.3734866694599422
F22Q10213276,2022,202303,186632.0,811.0,34.0,34.0,32.0,WA,3.0,30.0,0,2.4516478460944896e-06,0.37372924338986047
F22Q20021317,2022,202305,236975.0,804.0,56.0,56.0,9.0,OR,3.375,50.0,0,8.202779298434505e-06,0.3740710521092906
F22Q40141182,2022,202312,77565.6,797.0,25.0,25.0,27.0,SC,4.875,23.0,0,5.1769007955674654e-06,0.3742364434251439
F22Q10545635,2022,202305,245597.0,793.0,50.0,50.0,20.0,TX,3.999,42.0,0,3.6535894423033874e-06,0.37439080865327373
F22Q10468857,2022,202304,140537.0,781.0,47.0,47.0,15.0,UT,3.25,24.0,0,9.946589395480945e-07,0.3747436434604274
F22Q10270293,2022,202302,161416.0,804.0,28.0,28.0,31.0,MA,3.25,26.0,0,2.963878901757416e-06,0.3753611043729464
F22Q10070226,2022,202302,242203.0,807.0,59.0,59.0,25.0,NC,2.75,55.0,0,1.8565900800975053e-06,0.3760667739872538
F22Q10015543,2022,202302,62053.9,800.0,54.0,54.0,19.0,IL,3.5,49.0,0,5.599665483747883e-06,0.37606677398725386
F22Q30316017,2022,202310,122307.0,823.0,32.0,32.0,22.0,GA,5.875,30.0,0,1.4829980837358112e-05,0.3763644783557898
F22Q10068357,2022,202302,148802.0,800.0,43.0,43.0,28.0,TX,2.625,36.0,0,2.354163049279829e-06,0.3764526870575783
F22Q10076657,2022,202302,171113.0,797.0,42.0,42.0,28.0,TX,2.625,38.0,0,1.1701410803540544e-06,0.37737887842635676
F22Q10208372,2022,202303,205073.0,797.0,49.0,49.0,24.0,GA,3.125,43.0,0,3.297269283628737e-06,0.3781948089178998
F22Q30098883,2022,202309,240479.0,808.0,36.0,36.0,20.0,UT,5.5,36.0,0,1.3246766037279513e-05,0.37875713939180095
F22Q30022601,2022,202308,97514.9,802.0,36.0,36.0,18.0,IN,4.875,33.0,0,1.2294837922673885e-05,0.37901073940944274
F22Q30025295,2022,202308,129314.0,799.0,37.0,37.0,29.0,KY,5.5,31.0,0,2.290546313592168e-06,0.3790768959357841
F22Q10294502,2022,202303,122795.0,797.0,50.0,50.0,22.0,PA,3.99,48.0,0,4.4016481337343195e-06,0.37914305246212543
F22Q10154152,2022,202303,96540.3,802.0,35.0,35.0,31.0,IL,3.0,31.0,0,1.1508129046173323e-06,0.37937460030432
F22Q10132234,2022,202302,171389.0,802.0,50.0,50.0,28.0,IL,2.875,47.0,0,9.007923205872504e-07,0.37939665247976717
F22Q20310195,2022,202307,118269.0,804.0,20.0,20.0,29.0,ID,5.125,21.0,0,6.321672241552868e-06,0.38003616556773323
F22Q10002239,2022,202303,124790.0,798.0,51.0,51.0,26.0,WI,2.75,48.0,0,1.0366839417233922e-06,0.38053233951529314
F22Q10155046,2022,202302,499473.0,790.0,50.0,50.0,17.0,CA,3.25,46.0,0,3.883374190135821e-06,0.381105696076918
F22Q10437923,2022,202304,236663.0,810.0,41.0,41.0,28.0,CA,3.875,41.0,0,6.171071129381125e-06,0.3812821134804948
F22Q40196556,2022,202401,134426.0,812.0,58.0,58.0,20.0,CT,5.75,49.0,0,7.235955624441227e-06,0.3815357134981366
F22Q30047849,2022,202308,200696.0,799.0,29.0,29.0,24.0,TX,5.125,27.0,0,8.597126997316867e-06,0.38153571349813664
F22Q20295330,2022,202306,44346.4,795.0,9.0,9.0,7.0,GA,5.875,8.0,0,1.3619048820405609e-05,0.38226343528789125
F22Q10235949,2022,202304,73183.4,789.0,30.0,30.0,17.0,IN,4.25,27.0,0,8.031220770274437e-06,0.3826272961827684
F22Q10253092,2022,202303,136784.0,808.0,52.0,52.0,24.0,FL,3.375,44.0,0,6.121013347637753e-06,0.38271550488455686
F22Q20081324,2022,202305,146464.0,804.0,50.0,50.0,22.0,KY,4.375,43.0,0,7.320727342220295e-06,0.3831675744812225
F22Q10385961,2022,202304,81610.5,774.0,22.0,22.0,20.0,FL,3.125,18.0,0,1.0147384544283595e-06,0.3837188788674003
F22Q10310549,2022,202302,489692.0,801.0,34.0,34.0,29.0,CA,3.375,38.0,0,3.889230322834988e-06,0.3839283745341478
F22Q20138799,2022,202306,177863.0,790.0,50.0,50.0,14.0,IL,4.5,42.0,0,4.8421782456815335e-06,0.3845127571834962
F22Q20342365,2022,202307,203530.0,816.0,55.0,55.0,18.0,MN,5.125,49.0,0,1.0068977433941942e-05,0.3847553311134143
F22Q30177606,2022,202309,189523.0,800.0,56.0,56.0,24.0,NY,4.875,50.0,0,2.1476683252156986e-06,0.3851412441837388
F22Q10262364,2022,202303,284868.0,799.0,63.0,63.0,14.0,MD,2.875,56.0,0,2.7517249917025283e-06,0.3862107746929235
F22Q10144147,2022,202302,61547.0,811.0,36.0,36.0,33.0,TX,2.5,31.0,0,1.0776716049364233e-06,0.38670694864048344
F22Q20377919,2022,202307,118650.0,812.0,46.0,46.0,25.0,TX,4.875,40.0,0,8.529534743844071e-06,0.38676207907910115
F22Q30253063,2022,202310,231021.0,814.0,47.0,47.0,15.0,MN,5.5,46.0,0,1.4414285327974362e-05,0.38718107041259625
F22Q10267650,2022,202303,178106.0,819.0,51.0,51.0,18.0,TX,3.625,48.0,0,1.2043932688446032e-05,0.3872251747634904
F22Q20173465,2022,202306,105826.0,808.0,45.0,45.0,31.0,CT,4.5,999.0,0,9.8299797445504e-07,0.38730235737755525
F22Q30134096,2022,202309,123231.0,797.0,26.0,26.0,26.0,TX,5.229,25.0,0,6.648687965106031e-06,0.38740159216706727
F22Q10515792,2022,202305,280347.0,796.0,57.0,57.0,18.0,MD,2.75,47.0,0,3.630151304739608e-06,0.3875669834829205
F22Q10401366,2022,202304,85555.4,791.0,31.0,31.0,25.0,GA,3.99,26.0,0,4.43711786509279e-06,0.38779853132511527
F22Q10046052,2022,202302,102262.0,807.0,60.0,60.0,24.0,IN,2.875,50.0,0,2.408400532057807e-06,0.38815136613226897
F22Q10408584,2022,202304,124331.0,801.0,57.0,57.0,19.0,WI,3.571,49.0,0,5.393627955708453e-06,0.38818444439543953
F22Q20404052,2022,202307,187941.0,826.0,59.0,59.0,15.0,CT,5.0,52.0,0,9.79678127741112e-06,0.3887467748693409
F22Q30126460,2022,202309,224144.0,810.0,50.0,50.0,18.0,ID,5.0,51.0,0,1.1357621869547956e-05,0.38880190530795855
F22Q30297154,2022,202309,67288.6,804.0,16.0,16.0,31.0,NH,5.75,999.0,0,4.570783829221189e-06,0.38958475753633093
F22Q10508459,2022,202303,225312.0,788.0,39.0,39.0,21.0,SC,3.625,35.0,0,4.702053981658957e-06,0.3901691401856792
F22Q20370584,2022,202307,289180.0,809.0,65.0,65.0,22.0,SD,4.25,61.0,0,2.1689270592572305e-06,0.390400688027874
F22Q20368536,2022,202307,101446.0,771.0,16.0,16.0,19.0,CA,4.0,15.0,0,8.30820115873792e-07,0.39043376629104454
F22Q10034845,2022,202302,73938.5,802.0,16.0,16.0,21.0,AZ,3.375,999.0,0,1.3828884173332925e-05,0.39044479237876817
F22Q10300054,2022,202303,147150.0,809.0,30.0,30.0,27.0,CO,3.125,23.0,0,9.50016075231927e-06,0.39047787064193884
F22Q30066865,2022,202308,177000.0,791.0,38.0,38.0,14.0,AL,6.0,32.0,0,8.749339893976593e-06,0.39129380113348194
F22Q10111566,2022,202302,218278.0,799.0,49.0,49.0,22.0,IN,3.125,43.0,0,6.216542883317592e-06,0.39150329680022933
F22Q30134118,2022,202309,146238.0,808.0,44.0,44.0,28.0,SC,5.375,41.0,0,5.44748382605767e-06,0.39203254901095985
F22Q40111543,2022,202312,214664.0,780.0,30.0,30.0,22.0,NJ,5.0,27.0,0,2.3089724262163207e-06,0.3920435750986834
F22Q10448579,2022,202304,146585.0,797.0,32.0,32.0,26.0,GU,3.375,999.0,0,6.080434098691332e-06,0.39225307076543103
F22Q30167738,2022,202309,330515.0,790.0,56.0,56.0,16.0,NC,4.0,44.0,0,2.4164052877359904e-06,0.3925287229585199
F22Q10161355,2022,202302,247920.0,794.0,50.0,50.0,22.0,MN,3.375,46.0,0,3.82591762957672e-06,0.39272719253754373
F22Q10341743,2022,202303,183428.0,780.0,37.0,37.0,22.0,PA,2.75,999.0,0,4.601130616730983e-07,0.3927602708007144
F22Q10063142,2022,202302,201759.0,776.0,34.0,34.0,14.0,CA,2.875,31.0,0,3.1134515703607515e-06,0.3928374534147794
F22Q20373292,2022,202307,271865.0,800.0,38.0,38.0,25.0,MA,5.25,35.0,0,7.174975866160569e-06,0.39301387081835626
F22Q20087250,2022,202305,72428.5,791.0,18.0,21.0,28.0,WA,2.875,16.0,0,2.938580247614965e-06,0.3931792621342096
F22Q10229658,2022,202302,89849.8,806.0,28.0,28.0,31.0,AZ,2.626,25.0,0,4.410261760091583e-06,0.3934549143272984
F22Q10310454,2022,202304,216041.0,804.0,43.0,43.0,26.0,MO,3.875,39.0,0,6.759092297148956e-06,0.3937967230467285
F22Q10008408,2022,202302,118153.0,791.0,34.0,34.0,27.0,TN,3.0,33.0,0,2.4082359360489687e-06,0.3943370013451828
F22Q10002852,2022,202302,276695.0,815.0,62.0,62.0,26.0,RI,2.5,52.0,0,1.3573236546544697e-06,0.3945354709242066
F22Q30239285,2022,202309,78502.6,801.0,29.0,29.0,29.0,IL,5.25,26.0,0,5.1666612688932984e-06,0.39470086224005996
F22Q30195964,2022,202309,303826.0,806.0,53.0,53.0,26.0,TX,3.99,49.0,0,4.187238847482649e-06,0.3947670187664013
F22Q20428336,2022,202307,189319.0,804.0,52.0,52.0,26.0,CT,3.875,43.0,0,4.054078300018432e-06,0.39530729706485546
F22Q10113899,2022,202302,224701.0,819.0,60.0,60.0,21.0,GA,2.99,55.0,0,6.777975893978938e-06,0.3963547753985931
F22Q20327242,2022,202307,142834.0,798.0,15.0,15.0,31.0,NY,4.5,13.0,0,2.5815546722320657e-06,0.3963658014863166
F22Q20031240,2022,202305,314145.0,795.0,36.0,36.0,26.0,TX,4.25,38.0,0,4.805246043568309e-06,0.3963658014863166
F22Q10549988,2022,202304,226545.0,808.0,59.0,59.0,21.0,CO,3.5,55.0,0,5.987540274872539e-06,0.3966304275916819
F22Q10483699,2022,202303,107990.0,778.0,25.0,25.0,20.0,UT,3.375,23.0,0,3.358828734364147e-06,0.39670761020574674
F22Q20056250,2022,202305,485600.0,804.0,38.0,38.0,31.0,NY,3.25,37.0,0,2.380776697732617e-06,0.39743533199550135
F22Q10158183,2022,202302,229409.0,804.0,60.0,60.0,23.0,AZ,2.375,53.0,0,2.820256920826555e-06,0.3976227754868018
F22Q20244309,2022,202306,127902.0,804.0,47.0,47.0,25.0,CT,5.225,39.0,0,6.788665772268644e-06,0.39775508853948444
F22Q30040493,2022,202308,71583.7,814.0,32.0,32.0,30.0,SC,5.562,30.0,0,7.054521228706776e-06,0.3980748450834675
F22Q30311933,2022,202308,98557.5,786.0,30.0,30.0,19.0,TX,5.125,29.0,0,6.676016723983661e-06,0.398085871171191
F22Q10218944,2022,202303,180218.0,793.0,49.0,49.0,24.0,IN,2.625,42.0,0,2.610450010548166e-06,0.3980968972589146
F22Q10349483,2022,202303,88609.4,783.0,41.0,41.0,22.0,AL,3.125,34.0,0,1.844751454962828e-06,0.39875846252232783
F22Q30078712,2022,202309,251395.0,783.0,22.0,22.0,23.0,UT,5.0,20.0,0,4.076524047050401e-06,0.39903411471541667
F22Q20273650,2022,202306,60559.2,791.0,53.0,53.0,20.0,KY,3.5,42.0,0,2.8508351227871947e-06,0.3990341147154167
F22Q40184483,2022,202401,172949.0,806.0,31.0,31.0,18.0,AZ,6.25,28.0,0,1.6028281308760763e-05,0.39933181908395265
F22Q10300994,2022,202303,179328.0,790.0,47.0,47.0,20.0,CO,2.375,40.0,0,4.6267580238666e-06,0.39960747127704155
F22Q30084914,2022,202309,55282.7,781.0,18.0,18.0,19.0,KY,4.75,16.0,0,5.770588475900831e-06,0.3996295234524886
F22Q10573476,2022,202304,400107.0,811.0,40.0,40.0,33.0,PA,2.5,29.0,0,6.105397680516247e-07,0.3998831234701304
F22Q10488718,2022,202304,135464.0,811.0,64.0,64.0,16.0,MO,3.5,53.0,0,6.314208765552819e-06,0.40106291485655066
F22Q10270168,2022,202303,163381.0,794.0,43.0,55.0,27.0,NC,3.25,39.0,0,2.179400904189155e-06,0.40121728008468033
F22Q30250310,2022,202310,149344.0,816.0,59.0,59.0,22.0,PA,3.875,53.0,0,7.088577590573602e-06,0.4016362714181754
F22Q20160778,2022,202306,192297.0,807.0,38.0,38.0,13.0,NE,4.875,34.0,0,1.6565564893274367e-05,0.40179063664630515
F22Q40143578,2022,202401,77598.2,780.0,20.0,20.0,18.0,NY,5.75,18.0,0,5.72868384155277e-06,0.4018788453480935
F22Q30092339,2022,202308,107936.0,805.0,25.0,25.0,24.0,OH,5.625,23.0,0,1.2517314287451643e-05,0.4019780801376056
F22Q10034448,2022,202302,212597.0,768.0,29.0,29.0,10.0,OH,2.125,26.0,0,1.389894813520171e-06,0.40251835843605976
F22Q10464667,2022,202302,213705.0,789.0,50.0,50.0,21.0,TX,2.875,45.0,0,2.792017402600699e-06,0.40456921075264074
F22Q40059613,2022,202311,261991.0,809.0,70.0,70.0,17.0,PA,4.625,56.0,0,1.8165554490953835e-06,0.4047456281562176
F22Q10276867,2022,202302,90673.5,801.0,56.0,56.0,26.0,NY,3.25,38.0,0,1.8079241789427503e-06,0.4056387412618254
F22Q30003807,2022,202308,131125.0,814.0,23.0,23.0,19.0,FL,5.25,22.0,0,1.9747273483100057e-05,0.406465697841092
F22Q20078742,2022,202305,234106.0,817.0,44.0,44.0,15.0,TX,5.0,41.0,0,1.704445528183543e-05,0.4070500804904404
F22Q10540135,2022,202304,110927.0,805.0,53.0,53.0,17.0,GA,3.99,45.0,0,1.011136657195986e-05,0.40729265442035856
F22Q30001445,2022,202308,46836.6,785.0,34.0,34.0,21.0,OH,5.5,30.0,0,5.170254032350391e-06,0.4073036805080821
F22Q40056802,2022,202311,83825.6,786.0,31.0,31.0,20.0,GA,6.125,28.0,0,6.524021902934088e-06,0.40762343705206516
F22Q10378441,2022,202304,239316.0,802.0,55.0,55.0,25.0,FL,3.499,48.0,0,3.722053385985191e-06,0.4076344631397888
F22Q30228535,2022,202309,251683.0,805.0,35.0,35.0,29.0,NY,4.49,33.0,0,6.221463671065839e-06,0.4077667761924714
F22Q30268232,2022,202309,110793.0,801.0,47.0,47.0,24.0,KY,5.5,41.0,0,6.986681421187938e-06,0.4078549848942598
F22Q20275276,2022,202306,211682.0,787.0,52.0,52.0,15.0,NC,4.75,50.0,0,3.6685173953859177e-06,0.40785498489425986
F22Q10153596,2022,202302,255926.0,800.0,30.0,30.0,25.0,UT,2.875,28.0,0,9.327743665150963e-06,0.407976271859219
F22Q10536639,2022,202304,124691.0,814.0,17.0,17.0,32.0,CA,3.125,15.0,0,6.301257300565407e-06,0.40821884578913714
F22Q10019698,2022,202302,132240.0,783.0,44.0,44.0,15.0,OH,3.125,42.0,0,4.63457797377935e-06,0.40849449798222587
F22Q40190539,2022,202401,147952.0,799.0,27.0,27.0,12.0,OK,5.875,26.0,0,1.5942510237594276e-05,0.40864886321035565
F22Q10000604,2022,202302,65210.0,804.0,32.0,32.0,33.0,OH,2.75,28.0,0,1.0299900147288546e-06,0.40916708933336277
F22Q10137217,2022,202302,216731.0,783.0,33.0,33.0,25.0,MA,1.99,30.0,0,1.6007458766827718e-06,0.4092001675965334
F22Q20139898,2022,202306,62300.8,830.0,58.0,58.0,29.0,IL,4.375,45.0,0,1.9803039028496273e-06,0.40921119368425696
F22Q40061112,2022,202312,193148.0,799.0,27.0,27.0,19.0,FL,5.99,999.0,0,1.3774748465277365e-05,0.4096412111054755
F22Q20043151,2022,202305,242905.0,802.0,60.0,60.0,19.0,AR,2.875,55.0,0,5.085891699170865e-06,0.40990583721084084
F22Q40072169,2022,202312,91990.6,810.0,49.0,49.0,19.0,IA,6.125,44.0,0,1.2546466497519728e-05,0.40991686329856436
F22Q30271828,2022,202308,173693.0,789.0,25.0,25.0,19.0,TX,5.0,24.0,0,9.263071097850429e-06,0.4101153328775884
F22Q20395249,2022,202307,115551.0,808.0,32.0,32.0,20.0,DE,5.375,25.0,0,1.6068384485411143e-05,0.41061150682514824
F22Q30234157,2022,202310,380514.0,790.0,52.0,52.0,22.0,NY,4.25,46.0,0,2.224235586006552e-06,0.4111517851236025
F22Q10215668,2022,202303,202719.0,776.0,34.0,34.0,21.0,TX,1.75,30.0,0,1.3097123725966207e-06,0.4113171764394557
F22Q10076967,2022,202302,171353.0,794.0,52.0,52.0,22.0,IL,3.125,47.0,0,4.0243742998721636e-06,0.4121220808432752
F22Q40206363,2022,202401,123867.0,797.0,25.0,25.0,25.0,OK,5.5,24.0,0,8.923649929693296e-06,0.4127505678435178
F22Q30007247,2022,202308,223765.0,801.0,66.0,66.0,19.0,PA,4.5,59.0,0,1.8211172479827111e-06,0.41332392440514254
F22Q20146971,2022,202305,48367.4,803.0,14.0,14.0,34.0,SC,3.5,10.0,0,9.484317005290572e-07,0.41336802875603684
F22Q30024912,2022,202308,99299.2,781.0,35.0,35.0,20.0,FL,5.5,23.0,0,4.1612277117862155e-06,0.4136436809491256
F22Q10104643,2022,202302,188886.0,808.0,37.0,37.0,33.0,WA,2.875,35.0,0,1.6291116116859886e-06,0.4138531766158731
F22Q20433712,2022,202306,382982.0,809.0,24.0,24.0,28.0,NY,3.875,27.0,0,1.0260345756260128e-05,0.4140957505457913
F22Q20027190,2022,202305,91498.2,787.0,46.0,46.0,24.0,TN,3.5,37.0,0,1.5496250665837129e-06,0.4152093854058703
F22Q20142072,2022,202306,151309.0,793.0,57.0,57.0,21.0,WA,3.375,48.0,0,2.39464937588923e-06,0.4152755419322116
F22Q10084540,2022,202302,195747.0,796.0,29.0,29.0,30.0,AZ,3.375,30.0,0,2.826682779399136e-06,0.41589300284473063
F22Q40164095,2022,202401,55704.0,807.0,35.0,35.0,24.0,IL,7.0,28.0,0,1.2297959710268176e-05,0.4162678898273315
F22Q10114238,2022,202302,188925.0,807.0,66.0,66.0,21.0,IL,3.25,60.0,0,2.9253757149832606e-06,0.4163009680905021
F22Q30116710,2022,202309,221555.0,811.0,48.0,48.0,20.0,NC,5.25,42.0,0,1.3006725976765562e-05,0.41727126381017493
F22Q10458353,2022,202304,126238.0,793.0,59.0,59.0,21.0,SC,2.99,50.0,0,1.4508514995170345e-06,0.41773435949456417
F22Q30116578,2022,202308,197278.0,802.0,54.0,54.0,25.0,AK,4.125,42.0,0,4.6545366021653015e-06,0.4178005160209055
F22Q40085938,2022,202312,187725.0,787.0,27.0,27.0,13.0,NJ,5.625,23.0,0,1.022548483121757e-05,0.4178887247226939
F22Q10505763,2022,202304,41073.3,796.0,31.0,31.0,31.0,TN,3.5,8.0,0,1.1668243406125444e-06,0.4190133856704964
F22Q10034508,2022,202302,127274.0,768.0,17.0,17.0,19.0,NY,2.75,14.0,0,1.1721201364274644e-06,0.4191898030740733
F22Q10154258,2022,202302,253815.0,785.0,47.0,47.0,22.0,SC,3.25,41.0,0,2.2075676825670688e-06,0.4193000639513087
F22Q20200783,2022,202305,221231.0,823.0,54.0,54.0,28.0,PA,4.75,47.0,0,5.272631726021525e-06,0.4193331422144795
F22Q10162550,2022,202302,201057.0,807.0,71.0,71.0,14.0,AL,3.25,65.0,0,1.62742158770037e-06,0.41973008137252743
F22Q30069438,2022,202308,171539.0,797.0,32.0,32.0,29.0,AZ,3.875,30.0,0,4.288009110387219e-06,0.41976315963569805
F22Q30015017,2022,202308,261445.0,796.0,29.0,29.0,28.0,CO,4.125,27.0,0,5.3992167395986284e-06,0.42002778574106336
F22Q20213992,2022,202305,278857.0,779.0,49.0,49.0,13.0,FL,3.25,42.0,0,2.3442998233361578e-06,0.42044677707455846
F22Q20197983,2022,202306,126166.0,791.0,54.0,54.0,20.0,PA,3.75,46.0,0,3.5495854830467573e-06,0.42051293360089975
F22Q10490872,2022,202303,217390.0,796.0,28.0,28.0,26.0,CA,4.875,28.0,0,7.600193156168707e-06,0.4211193684256952
F22Q10005841,2022,202302,65732.7,811.0,71.0,71.0,18.0,IL,2.5,66.0,0,1.6185148396669211e-06,0.4216265684609787
F22Q10245262,2022,202303,154798.0,805.0,40.0,40.0,31.0,AL,3.7,37.0,0,3.468755592796174e-06,0.42184709021544975
F22Q10299868,2022,202303,150344.0,823.0,24.0,24.0,36.0,CA,2.5,21.0,0,7.598644878088618e-07,0.4222550554612213
F22Q20167685,2022,202306,242364.0,809.0,33.0,33.0,30.0,CO,4.99,35.0,0,7.1597781271950365e-06,0.42249762939113944
F22Q10145421,2022,202302,119031.0,785.0,51.0,51.0,21.0,NC,2.875,40.0,0,1.3371692376652188e-06,0.4227071250578869
F22Q10179020,2022,202302,283305.0,794.0,63.0,63.0,11.0,WI,2.5,54.0,0,2.857086802903166e-06,0.4240853860233311
F22Q10384365,2022,202303,489809.0,798.0,49.0,49.0,21.0,AL,3.625,45.0,0,8.075120217933605e-06,0.42442719474276136
F22Q10125235,2022,202302,112733.0,809.0,59.0,59.0,17.0,MD,3.375,53.0,0,9.498332600141614e-06,0.4246918208481266
F22Q30179077,2022,202309,108439.0,776.0,20.0,20.0,15.0,TN,5.25,20.0,0,6.012257090944675e-06,0.4252100469711336
F22Q40083889,2022,202312,150210.0,810.0,39.0,39.0,13.0,OH,6.5,27.0,0,1.906199572325346e-05,0.4259157165854411
F22Q40167940,2022,202312,141722.0,809.0,53.0,53.0,12.0,GA,6.0,47.0,0,1.348667014113744e-05,0.4263236818312126
F22Q30074140,2022,202308,56982.7,780.0,16.0,16.0,8.0,NJ,6.125,14.0,0,8.78305825265331e-06,0.42685293404194313
F22Q10537274,2022,202304,170211.0,800.0,35.0,35.0,29.0,NC,3.75,32.0,0,5.368582584553339e-06,0.4268749862173904
F22Q20368509,2022,202307,344827.0,804.0,38.0,38.0,21.0,FL,4.99,39.0,0,1.3759706486698133e-05,0.4270403775332437
F22Q40138347,2022,202312,218423.0,787.0,41.0,41.0,16.0,AL,5.875,33.0,0,7.598518690165993e-06,0.4271285862350321
F22Q30267496,2022,202310,49317.5,804.0,22.0,22.0,23.0,TN,5.875,20.0,0,1.495861445573851e-05,0.42749244712990936
F22Q30057647,2022,202308,57144.3,778.0,28.0,28.0,24.0,NJ,5.0,26.0,0,1.8971596014844005e-06,0.4275034732176329
F22Q20005740,2022,202306,34975.0,794.0,20.0,20.0,30.0,WI,4.5,16.0,0,3.532714080874903e-06,0.42848479502502923
F22Q10002827,2022,202302,212595.0,781.0,40.0,40.0,24.0,KS,2.625,36.0,0,9.78258624492285e-07,0.428837629832183
F22Q10059592,2022,202302,234787.0,791.0,60.0,60.0,10.0,MO,3.25,54.0,0,3.317460425647232e-06,0.4289258385339714
F22Q20149840,2022,202306,283854.0,806.0,48.0,48.0,29.0,IL,4.5,40.0,0,4.5514069869547974e-06,0.4290030211480363
F22Q30108441,2022,202309,200919.0,798.0,61.0,61.0,20.0,PA,4.5,55.0,0,3.146534732929038e-06,0.4293448298674664
F22Q30003351,2022,202308,112700.0,799.0,52.0,52.0,21.0,FL,5.5,47.0,0,7.534742102097229e-06,0.42945509074470195
F22Q30217814,2022,202310,59667.2,802.0,45.0,45.0,25.0,WV,5.375,35.0,0,8.23226034615424e-06,0.43021589079762723
F22Q10085162,2022,202302,290537.0,786.0,40.0,40.0,22.0,MA,2.75,39.0,0,4.9461113397682255e-06,0.43046949081526886
F22Q40213100,2022,202401,59096.1,793.0,32.0,32.0,20.0,AL,6.375,29.0,0,1.0694274421328051e-05,0.4306348821311223
F22Q20228916,2022,202306,236002.0,804.0,36.0,36.0,31.0,MA,3.5,30.0,0,4.447605041256457e-06,0.43106489955234084
F22Q10005483,2022,202302,425190.0,801.0,65.0,65.0,18.0,CO,2.625,56.0,0,3.7306599802969103e-06,0.43134055174542973
F22Q20041336,2022,202305,196554.0,817.0,52.0,52.0,30.0,AZ,4.125,46.0,0,4.017876759613581e-06,0.4313626039208768
F22Q30040262,2022,202308,256207.0,799.0,48.0,48.0,23.0,NC,5.062,48.0,0,7.79073244062372e-06,0.4314287604472181
F22Q30069263,2022,202308,139037.0,811.0,50.0,50.0,27.0,CA,5.5,42.0,0,7.3481531337050435e-06,0.4315941517630715
F22Q10080676,2022,202302,332690.0,809.0,57.0,57.0,27.0,NJ,3.25,52.0,0,4.214854090179611e-06,0.4316933865525834
F22Q10129237,2022,202302,130687.0,812.0,38.0,38.0,33.0,CA,3.375,38.0,0,3.3490370040407347e-06,0.43204622135973714
F22Q10268804,2022,202302,59619.8,779.0,29.0,29.0,25.0,OH,2.5,24.0,0,1.5370392626338938e-06,0.43218956050014334
F22Q20295081,2022,202307,83531.9,791.0,34.0,34.0,19.0,TX,5.375,22.0,0,1.0024439868877936e-05,0.43227776920193184
F22Q20408405,2022,202307,392956.0,802.0,15.0,15.0,15.0,CO,4.0,15.0,0,1.981384919687942e-05,0.43260855183363844
F22Q10075723,2022,202302,350579.0,787.0,59.0,59.0,12.0,SC,3.25,55.0,0,2.456407316555796e-06,0.4330054909916863
F22Q10245584,2022,202302,167840.0,786.0,47.0,47.0,21.0,UT,2.875,44.0,0,3.920476311720286e-06,0.4333142214479458
F22Q40024026,2022,202311,296566.0,818.0,43.0,43.0,23.0,CA,6.375,40.0,0,1.4514685831541696e-05,0.43376629104461156
F22Q20336123,2022,202307,65923.0,813.0,13.0,13.0,33.0,AZ,5.375,12.0,0,6.208627479153144e-06,0.434052969325424
F22Q10098795,2022,202302,209038.0,808.0,38.0,38.0,33.0,CA,2.625,40.0,0,2.4981821235589135e-06,0.43431759543078924
F22Q10499833,2022,202304,68103.0,788.0,18.0,18.0,30.0,CA,2.75,16.0,0,9.732776958152238e-07,0.43449401283436606
F22Q10272360,2022,202303,228251.0,783.0,34.0,34.0,22.0,CA,3.625,33.0,0,5.092765793579952e-06,0.43510044765916156
F22Q30158280,2022,202308,123197.0,823.0,32.0,32.0,32.0,KY,5.125,30.0,0,6.752397202607158e-06,0.435387125939974
F22Q10474789,2022,202304,308449.0,793.0,58.0,58.0,21.0,NJ,3.25,51.0,0,2.951894992548004e-06,0.43566277813306287
F22Q10248084,2022,202303,246949.0,779.0,31.0,31.0,25.0,NY,3.49,28.0,0,1.3514119930092196e-06,0.4359935607647694
F22Q10546868,2022,202304,261328.0,794.0,45.0,45.0,28.0,PA,3.75,39.0,0,2.2850034698167243e-06,0.43610382164200495
F22Q20107974,2022,202305,77792.6,789.0,19.0,19.0,30.0,SC,3.25,17.0,0,1.6742162815375685e-06,0.43641255209826446
F22Q20368405,2022,202306,473700.0,804.0,64.0,64.0,8.0,ND,3.25,60.0,0,7.255882298831363e-06,0.43704103909850706
F22Q30142961,2022,202308,177630.0,797.0,35.0,35.0,16.0,TN,5.625,32.0,0,1.4243401025583173e-05,0.4378679956777736
F22Q30242336,2022,202310,135798.0,806.0,56.0,56.0,18.0,OH,5.49,35.0,0,1.0307554935398669e-05,0.43794517829183854
F22Q30190814,2022,202309,331682.0,815.0,62.0,62.0,23.0,OR,4.5,59.0,0,6.093008461608291e-06,0.437956204379562
F22Q10241499,2022,202302,311030.0,812.0,54.0,54.0,31.0,IL,3.0,53.0,0,1.6033330686168052e-06,0.4382208304849273
F22Q10066219,2022,202302,222872.0,798.0,58.0,58.0,24.0,MD,2.625,52.0,0,3.1261087753624375e-06,0.4382208304849273
F22Q10206361,2022,202302,123282.0,777.0,17.0,17.0,23.0,CA,2.875,16.0,0,3.683248386138261e-06,0.4390367609764703
F22Q10018858,2022,202302,207564.0,819.0,59.0,59.0,29.0,FL,2.987,55.0,0,2.8126168135517004e-06,0.4392793349063885
F22Q20361156,2022,202307,76361.0,802.0,29.0,29.0,31.0,OK,5.125,25.0,0,5.299637996735806e-06,0.43983063929256627
F22Q30148092,2022,202308,295086.0,805.0,38.0,38.0,25.0,FL,4.875,35.0,0,1.1438134203770036e-05,0.4403268132401262
F22Q30088979,2022,202308,143199.0,807.0,45.0,45.0,31.0,MN,4.99,42.0,0,3.6536263304397537e-06,0.44043707411736166
F22Q30186082,2022,202309,388645.0,796.0,40.0,40.0,28.0,CA,3.875,37.0,0,4.481089388164829e-06,0.440701700222727
F22Q40119006,2022,202312,104634.0,810.0,15.0,15.0,17.0,TX,6.375,14.0,0,2.3262344936814668e-05,0.44082298718768603
F22Q30094617,2022,202309,424478.0,812.0,38.0,38.0,17.0,WA,4.999,33.0,0,1.9834049769685664e-05,0.4420468829250006
F22Q10145419,2022,202302,119993.0,763.0,27.0,27.0,15.0,OK,2.75,24.0,0,5.376313644371296e-07,0.4421461177145125
F22Q10434745,2022,202304,46815.5,806.0,21.0,21.0,35.0,SC,3.75,18.0,0,1.5756188694337151e-06,0.44215714380223614
F22Q10574070,2022,202304,602022.0,798.0,56.0,56.0,27.0,CA,3.0,51.0,0,1.3099953473351228e-06,0.44257613513573113
F22Q20218264,2022,202305,369213.0,803.0,41.0,41.0,18.0,MD,4.75,39.0,0,1.526529782928878e-05,0.4426533177497961
F22Q10341102,2022,202303,355577.0,789.0,54.0,54.0,18.0,MT,3.124,50.0,0,4.649782106993695e-06,0.44278563080247857
F22Q10202485,2022,202303,225138.0,812.0,48.0,48.0,17.0,MI,2.99,42.0,0,1.640529094284407e-05,0.44331488301320926
F22Q20422752,2022,202307,171958.0,780.0,42.0,42.0,20.0,AZ,4.075,42.0,0,3.754690999440021e-06,0.4439102917502811
F22Q30294709,2022,202310,168093.0,809.0,70.0,70.0,18.0,KS,5.0,999.0,0,3.482929321938862e-06,0.4446600657154828
F22Q20336859,2022,202305,293866.0,801.0,56.0,56.0,25.0,OH,3.125,49.0,0,4.713670254275063e-06,0.444704170066377
F22Q20004504,2022,202305,98772.9,796.0,64.0,64.0,17.0,LA,3.25,52.0,0,3.1277147176024374e-06,0.44473724832954775
F22Q20054249,2022,202305,488414.0,797.0,15.0,15.0,26.0,CA,4.375,18.0,0,1.0199146824988989e-05,0.44488058746995385
F22Q10212978,2022,202303,531464.0,775.0,39.0,39.0,14.0,MA,2.375,35.0,0,4.268340640346396e-06,0.44499084834718944
F22Q30100636,2022,202308,92486.8,786.0,26.0,26.0,19.0,TN,5.75,22.0,0,9.539003142138537e-06,0.4452113701016605
F22Q10074803,2022,202302,141017.0,792.0,50.0,50.0,27.0,AZ,2.25,45.0,0,1.106863623471879e-06,0.4453216309788961
F22Q10327895,2022,202304,355647.0,795.0,50.0,50.0,24.0,TX,3.5,47.0,0,5.297600177648783e-06,0.4454098396806846
F22Q10506730,2022,202304,195912.0,775.0,23.0,23.0,17.0,VA,3.75,21.0,0,5.86577835363842e-06,0.4455421527333671
F22Q20116551,2022,202305,135465.0,782.0,35.0,35.0,20.0,NV,3.875,32.0,0,6.112882708366177e-06,0.44581780492645606
F22Q10117412,2022,202302,198386.0,785.0,34.0,34.0,22.0,MA,2.25,999.0,0,6.380193263463555e-06,0.44599422233003283
F22Q20011484,2022,202305,58475.5,793.0,36.0,36.0,19.0,MO,4.49,28.0,0,1.1296152935696894e-05,0.4460273005932035
F22Q20128687,2022,202305,113356.0,793.0,33.0,33.0,23.0,TX,5.625,28.0,0,9.443391114034191e-06,0.44615961364588624
F22Q40101683,2022,202311,255422.0,796.0,46.0,46.0,26.0,NY,5.5,40.0,0,5.345378693352905e-06,0.44693143978653493
F22Q40110780,2022,202401,189350.0,797.0,50.0,50.0,16.0,OH,6.45,44.0,0,1.0382314318277062e-05,0.44694246587425857
F22Q10577001,2022,202303,112790.0,814.0,23.0,23.0,31.0,CA,3.55,23.0,0,9.274259015355386e-06,0.447251196330518
F22Q20074777,2022,202305,223443.0,813.0,59.0,59.0,27.0,OH,3.875,49.0,0,4.928410223316121e-06,0.44730632676913584
F22Q20405570,2022,202307,260188.0,800.0,34.0,34.0,20.0,TX,5.0,31.0,0,1.4776582362052028e-05,0.4478355789798664
F22Q40046934,2022,202312,101293.0,817.0,40.0,40.0,23.0,KY,6.375,29.0,0,1.6126694195505954e-05,0.44823251813791426
F22Q40217624,2022,202401,98713.6,809.0,28.0,28.0,30.0,NJ,5.75,25.0,0,9.196007532339623e-06,0.44839790945376756
F22Q10181905,2022,202303,56722.9,787.0,25.0,25.0,27.0,OR,2.75,999.0,0,4.500238920684798e-06,0.4483979094537677
F22Q10509124,2022,202303,74974.6,789.0,16.0,16.0,27.0,OR,3.25,15.0,0,5.910398694479628e-06,0.4491256312435221
F22Q30134461,2022,202309,137924.0,788.0,24.0,24.0,28.0,TN,4.875,21.0,0,4.01277540058967e-06,0.44942333561205805
F22Q10154532,2022,202302,201788.0,803.0,61.0,61.0,22.0,WA,3.125,60.0,0,5.007101853193796e-06,0.44964385736652923
F22Q10549010,2022,202304,245590.0,806.0,62.0,62.0,22.0,TX,3.99,60.0,0,5.56009953582248e-06,0.4497100138928706
F22Q10192193,2022,202302,633688.0,794.0,51.0,51.0,24.0,CA,3.0,51.0,0,4.764245950454005e-06,0.44986437912100025
F22Q30188808,2022,202309,149471.0,791.0,50.0,50.0,17.0,NY,5.375,43.0,0,7.647330229534459e-06,0.4499636139105123
F22Q10414752,2022,202304,159928.0,768.0,6.0,6.0,22.0,CA,3.125,6.0,0,1.3247032334438482e-06,0.4503164487176661
F22Q10161315,2022,202302,257244.0,816.0,65.0,65.0,23.0,TX,3.25,62.0,0,5.549880877865838e-06,0.45052594438441357
F22Q10548339,2022,202304,123185.0,770.0,35.0,35.0,20.0,TX,3.25,31.0,0,1.2273465568116437e-06,0.45217985754294665
F22Q10049215,2022,202302,61761.4,816.0,28.0,28.0,36.0,CO,3.25,24.0,0,1.8967102774664184e-06,0.45221293580611727
F22Q20183591,2022,202306,286034.0,799.0,59.0,59.0,13.0,IN,4.25,48.0,0,8.435047742140802e-06,0.45223498798156436
F22Q20182290,2022,202306,98524.7,817.0,27.0,27.0,16.0,IN,5.0,999.0,0,2.5102778192551432e-05,0.4522460140692879
F22Q40043004,2022,202311,251422.0,811.0,60.0,60.0,22.0,WA,5.375,56.0,0,7.989496910289677e-06,0.452246014069288
F22Q20125431,2022,202306,358104.0,809.0,56.0,56.0,24.0,VA,4.5,48.0,0,8.311308849138034e-06,0.4524885879992061
F22Q10505074,2022,202304,30494.6,795.0,13.0,13.0,32.0,NJ,4.375,7.0,0,2.6939657660280945e-06,0.45259884887644164
F22Q10522258,2022,202303,378760.0,797.0,58.0,58.0,26.0,IN,3.125,53.0,0,1.583212131523007e-06,0.4532383619644078
F22Q10166589,2022,202302,229382.0,790.0,59.0,59.0,20.0,LA,3.25,56.0,0,2.576615446143009e-06,0.45409839680684505
F22Q10209450,2022,202303,196900.0,791.0,43.0,43.0,29.0,SC,2.125,33.0,0,8.606467830274522e-07,0.45414250115773924
F22Q10512912,2022,202304,238827.0,802.0,50.0,50.0,23.0,DE,3.5,45.0,0,9.471475703039822e-06,0.454495335964893
F22Q10172714,2022,202303,321816.0,790.0,52.0,60.0,24.0,AZ,2.375,51.0,0,2.856226899485476e-06,0.4546166229298521
F22Q10048134,2022,202302,87584.2,799.0,52.0,52.0,20.0,MN,3.5,43.0,0,9.349604403018853e-06,0.45478201424570536
F22Q40022725,2022,202311,128078.0,778.0,17.0,17.0,10.0,WA,5.375,13.0,0,9.140145994836926e-06,0.45490330121066436
F22Q10319739,2022,202303,462835.0,770.0,45.0,45.0,10.0,MO,2.5,40.0,0,1.672738110138291e-06,0.45492535338611156
F22Q30289147,2022,202310,85865.5,777.0,14.0,14.0,11.0,OR,5.0,14.0,0,8.759120739995774e-06,0.4553002403687123
F22Q30069774,2022,202308,142519.0,772.0,32.0,32.0,18.0,IN,5.0,29.0,0,3.804999711093314e-06,0.4563697708778971
F22Q20161761,2022,202306,253023.0,796.0,54.0,54.0,23.0,OH,4.5,47.0,0,5.506890401248003e-06,0.4566343969832624
F22Q10124099,2022,202302,362435.0,804.0,47.0,47.0,25.0,VA,3.125,46.0,0,9.73477164561631e-06,0.45736211877301697
F22Q10235796,2022,202303,106233.0,775.0,44.0,44.0,13.0,TX,3.125,35.0,0,3.878693554609381e-06,0.45742827529935826
F22Q40026319,2022,202311,130073.0,786.0,30.0,30.0,26.0,TX,5.5,27.0,0,4.890127064652996e-06,0.45752751008887027
F22Q10191089,2022,202302,140936.0,794.0,65.0,65.0,18.0,MO,2.49,46.0,0,2.1070138662771543e-06,0.4576929014047235
F22Q10449330,2022,202304,196628.0,797.0,56.0,56.0,19.0,CA,4.25,55.0,0,7.511818667045994e-06,0.45775905793106486
F22Q40132095,2022,202312,221045.0,797.0,54.0,54.0,24.0,PA,6.125,49.0,0,5.307313790247139e-06,0.4580126579487067
F22Q30296282,2022,202310,294180.0,822.0,67.0,67.0,9.0,AL,4.875,63.0,0,9.522262215623122e-06,0.4583213884049662
F22Q20391993,2022,202307,386228.0,810.0,58.0,58.0,22.0,MN,3.99,54.0,0,9.525110563656147e-06,0.4588616667034202
F22Q20184403,2022,202306,194563.0,798.0,28.0,28.0,33.0,NC,3.375,24.0,0,2.0158144668683824e-06,0.4590491101947207
F22Q30195163,2022,202309,199959.0,794.0,45.0,45.0,28.0,WI,4.49,40.0,0,3.393958531886644e-06,0.45908218845789134
F22Q40067221,2022,202312,153267.0,794.0,33.0,33.0,16.0,IL,6.5,30.0,0,1.4468877086186133e-05,0.45941297108959794
F22Q10143910,2022,202302,51583.7,807.0,33.0,33.0,35.0,NY,2.875,30.0,0,1.2297905241804445e-06,0.45947912761593934
F22Q10503550,2022,202303,165671.0,796.0,31.0,31.0,32.0,AZ,2.875,31.0,0,2.0315524381749528e-06,0.45973272763358103
F22Q20109935,2022,202306,391728.0,809.0,56.0,56.0,15.0,VA,3.875,50.0,0,1.3471295158779152e-05,0.45988709286171076
F22Q10098304,2022,202302,245202.0,790.0,25.0,25.0,30.0,CA,3.5,24.0,0,2.953765284312589e-06,0.4599753015634993
F22Q10207699,2022,202303,134999.0,807.0,69.0,69.0,23.0,IL,2.75,59.0,0,2.2312649530878237e-06,0.4606037885637418
F22Q30061004,2022,202309,354807.0,805.0,56.0,56.0,11.0,ID,5.125,56.0,0,1.2898635837616876e-05,0.4606258407391889
F22Q10330466,2022,202303,182154.0,785.0,56.0,66.0,21.0,NC,2.375,49.0,0,1.3164939823657692e-06,0.4607361016164244
F22Q30243600,2022,202310,72303.3,797.0,35.0,35.0,27.0,LA,5.0,32.0,0,7.979389677620027e-06,0.46092354510772493
F22Q10103241,2022,202302,98161.2,775.0,32.0,32.0,24.0,MO,3.75,29.0,0,1.6423739884639848e-06,0.4609566233708955
F22Q10292208,2022,202303,322487.0,813.0,60.0,60.0,27.0,UT,3.125,60.0,0,4.7235171814111304e-06,0.4613204842657729
F22Q20003464,2022,202304,237399.0,809.0,54.0,54.0,23.0,AZ,3.875,52.0,0,1.035020897342404e-05,0.4613756147043906
F22Q10335859,2022,202303,280031.0,777.0,35.0,35.0,21.0,TX,2.978,31.0,0,4.2061545069513954e-06,0.4620371799678038
F22Q20126847,2022,202306,161694.0,770.0,27.0,27.0,17.0,WI,4.25,25.0,0,4.387205922097582e-06,0.4623128321608927
F22Q10288990,2022,202303,204248.0,820.0,74.0,74.0,18.0,MD,2.75,60.0,0,3.388830676528993e-06,0.4625443800030873
F22Q10433788,2022,202304,227669.0,790.0,61.0,61.0,11.0,CO,2.99,48.0,0,3.6714567266837096e-06,0.46256643217853444
F22Q20369430,2022,202307,302671.0,778.0,39.0,39.0,4.0,CA,5.25,37.0,0,6.931273162256024e-06,0.46262156261715215
F22Q10241614,2022,202303,110590.0,785.0,51.0,51.0,24.0,IL,3.25,45.0,0,1.1865282927041816e-06,0.46276490175755836
F22Q30246296,2022,202310,123354.0,805.0,40.0,40.0,26.0,AZ,5.625,39.0,0,1.125095788408777e-05,0.4627759278452819
F22Q10399821,2022,202304,147163.0,804.0,51.0,51.0,29.0,NC,3.75,46.0,0,4.523935773172172e-06,0.46325004961739474
F22Q10446909,2022,202304,418167.0,803.0,43.0,43.0,22.0,CA,3.75,44.0,0,1.341459176313222e-05,0.4634374931086952
F22Q30014767,2022,202308,93091.0,777.0,20.0,20.0,25.0,MD,3.875,19.0,0,3.1615708535007028e-06,0.46424239751251456
F22Q20240446,2022,202306,98621.7,791.0,18.0,18.0,30.0,CA,5.375,19.0,0,4.112115699493274e-06,0.4647495975477981
F22Q20245476,2022,202307,228756.0,802.0,47.0,47.0,17.0,MI,4.75,43.0,0,1.4845946758097714e-05,0.46618298895186017
F22Q20150134,2022,202306,325257.0,805.0,31.0,31.0,32.0,IN,4.0,31.0,0,5.890720504218573e-06,0.4664917194081196
F22Q30142888,2022,202309,419778.0,797.0,33.0,33.0,18.0,TX,5.25,32.0,0,1.562964238080352e-05,0.4666130063730788
F22Q10054034,2022,202302,578833.0,811.0,60.0,60.0,20.0,CA,3.375,50.0,0,9.90094744427324e-06,0.46702097161885026
F22Q10491223,2022,202304,309571.0,804.0,66.0,80.0,22.0,OH,2.875,57.0,0,4.046070720863058e-06,0.4674620151277924
F22Q20086479,2022,202305,186148.0,817.0,55.0,55.0,29.0,ID,4.875,999.0,0,5.820932486784219e-06,0.4678699803735638
F22Q20226863,2022,202305,99335.9,796.0,65.0,65.0,19.0,AR,2.875,60.0,0,2.9457843746093188e-06,0.4678810064612874
F22Q10434808,2022,202304,124277.0,791.0,42.0,42.0,17.0,CO,4.0,38.0,0,1.095855013284273e-05,0.4679030586367346
F22Q10254348,2022,202303,77689.5,777.0,19.0,19.0,26.0,OR,2.99,19.0,0,2.5132934847016146e-06,0.46800229342624644
F22Q10314692,2022,202303,324108.0,811.0,57.0,57.0,27.0,CA,3.5,56.0,0,6.411799588330721e-06,0.4681676847420999
F22Q20330167,2022,202306,279840.0,803.0,33.0,33.0,33.0,CA,4.625,29.0,0,3.7507974890001582e-06,0.46826691953161187
F22Q30046698,2022,202308,73957.5,809.0,14.0,14.0,18.0,TX,6.625,14.0,0,2.458611677426516e-05,0.46866385868965965
F22Q10024802,2022,202302,212825.0,811.0,69.0,69.0,22.0,MI,2.875,65.0,0,4.345451966183267e-06,0.46875206739144815
F22Q30116658,2022,202309,239765.0,793.0,47.0,47.0,17.0,FL,5.0,35.0,0,1.0560920379286048e-05,0.4690607978477077
F22Q10308161,2022,202302,126936.0,817.0,60.0,60.0,29.0,OK,2.875,50.0,0,3.2785524065117047e-06,0.4693254239530729
F22Q10230320,2022,202302,140202.0,800.0,23.0,23.0,32.0,CO,3.239,23.0,0,5.16293047925159e-06,0.4693474761285201
F22Q10290281,2022,202303,269320.0,805.0,72.0,72.0,15.0,PA,3.5,66.0,0,3.071297865356374e-06,0.4695128674443734
F22Q20030404,2022,202305,98491.1,793.0,47.0,47.0,16.0,MO,4.875,42.0,0,1.0924005806543012e-05,0.4699539109533156
F22Q10580207,2022,202304,88431.3,803.0,67.0,67.0,21.0,OH,3.875,56.0,0,3.99598950370353e-06,0.47033982402363994
F22Q20163035,2022,202306,160801.0,784.0,37.0,37.0,23.0,FL,2.875,999.0,0,5.926477653376086e-06,0.47078086753258214
F22Q10574301,2022,202304,174546.0,808.0,70.0,70.0,11.0,MI,3.125,59.0,0,5.913387843602772e-06,0.4719716850067258
F22Q30074880,2022,202308,277238.0,801.0,59.0,59.0,23.0,NM,3.75,51.0,0,6.220166461645798e-06,0.47248991112973293
F22Q10462562,2022,202304,223143.0,801.0,59.0,59.0,20.0,OH,4.0,53.0,0,8.099321281726814e-06,0.4725340154806272
F22Q20310325,2022,202307,18114.0,802.0,16.0,16.0,35.0,OK,4.625,6.0,0,2.217957113468068e-06,0.4726111980946921
F22Q10552683,2022,202305,206950.0,787.0,28.0,28.0,29.0,FL,3.5,22.0,0,3.131659895464166e-06,0.472809667673716
F22Q30292849,2022,202310,532484.0,790.0,50.0,50.0,21.0,NY,3.875,46.0,0,6.553558264444374e-06,0.4731625024808698
F22Q10150854,2022,202302,107550.0,776.0,38.0,38.0,14.0,IN,3.375,33.0,0,6.2234064363480124e-06,0.47327276335810525
F22Q40116704,2022,202312,223350.0,774.0,37.0,37.0,14.0,FL,5.375,33.0,0,5.690451203934952e-06,0.47379098948111237
F22Q10171235,2022,202302,169418.0,795.0,66.0,66.0,21.0,PA,2.125,54.0,0,1.0471658353006403e-06,0.47440845039363133
F22Q10079105,2022,202302,488968.0,795.0,63.0,63.0,20.0,CA,3.125,64.0,0,3.365781602902173e-06,0.47450768518314335
F22Q10103504,2022,202302,221811.0,797.0,65.0,65.0,20.0,NC,3.25,61.0,0,3.287321056681511e-06,0.474540763446314
F22Q10159077,2022,202302,205792.0,812.0,25.0,25.0,37.0,CA,2.75,25.0,0,5.728970718142564e-07,0.474639998235826
F22Q20081709,2022,202305,465291.0,783.0,49.0,49.0,18.0,FL,3.875,48.0,0,5.525547902608104e-06,0.4751582243588329
F22Q30015970,2022,202308,51577.3,795.0,50.0,50.0,23.0,GA,5.125,12.0,0,7.475157430810377e-06,0.4751582243588331
F22Q10092238,2022,202302,185679.0,788.0,48.0,48.0,23.0,FL,2.99,42.0,0,5.2846201997525815e-06,0.47568747656956356
F22Q30197824,2022,202309,469666.0,785.0,51.0,51.0,21.0,WA,4.0,47.0,0,4.157303160155255e-06,0.4764703287979358
F22Q10153598,2022,202302,191893.0,791.0,36.0,36.0,24.0,CO,2.99,34.0,0,8.741425687200579e-06,0.47673495490330126
F22Q10000783,2022,202303,48161.9,773.0,49.0,49.0,17.0,IN,2.5,41.0,0,1.620233398491074e-06,0.47708778971045496
F22Q20271870,2022,202306,147885.0,782.0,38.0,38.0,22.0,KY,5.25,36.0,0,5.903591885386989e-06,0.4770988157981785
F22Q10560063,2022,202304,132605.0,805.0,70.0,70.0,19.0,IN,3.25,59.0,0,3.6188149105066503e-06,0.4774957549562264
F22Q10055851,2022,202302,572766.0,804.0,58.0,58.0,26.0,AZ,2.99,57.0,0,5.663864019839781e-06,0.4776611462720797
F22Q20035033,2022,202305,108778.0,813.0,46.0,46.0,34.0,PA,3.25,40.0,0,2.408357977251479e-06,0.4776721723598033
F22Q10438076,2022,202303,64354.5,810.0,51.0,51.0,28.0,KY,4.25,46.0,0,7.917019817980533e-06,0.477727302798421
F22Q30273107,2022,202310,162673.0,800.0,40.0,40.0,24.0,OR,5.25,38.0,0,1.1912294655575522e-05,0.47795885064061583
F22Q30007097,2022,202308,200939.0,790.0,49.0,49.0,15.0,MT,5.625,43.0,0,9.586046330817485e-06,0.47808013760557483
F22Q10368980,2022,202304,286382.0,809.0,28.0,28.0,28.0,NY,2.25,999.0,0,1.332007137236313e-05,0.4781793723950868
F22Q10075675,2022,202302,314581.0,776.0,34.0,34.0,22.0,CA,2.99,35.0,0,4.177761435679816e-06,0.4787858072198822
F22Q10040572,2022,202302,263578.0,811.0,60.0,60.0,29.0,IL,2.75,55.0,0,2.9610526749757493e-06,0.4788960680971178
F22Q40180455,2022,202401,395364.0,802.0,37.0,37.0,9.0,NC,6.308,34.0,0,2.071954822444955e-05,0.47897325071118274
F22Q10077081,2022,202302,172383.0,798.0,70.0,70.0,17.0,FL,2.75,57.0,0,1.8038744882298631e-06,0.4793150594306128
F22Q10090442,2022,202302,53805.5,776.0,30.0,30.0,26.0,SD,3.25,26.0,0,1.5395241561833883e-06,0.4794032681324012
F22Q20231908,2022,202306,265926.0,795.0,36.0,36.0,29.0,CA,4.875,33.0,0,5.6573658337714635e-06,0.4798002072904492
F22Q20403897,2022,202307,168236.0,772.0,43.0,43.0,17.0,OK,4.875,39.0,0,3.107870956092154e-06,0.4799104681676848
F22Q10137562,2022,202302,276372.0,779.0,42.0,42.0,24.0,CA,2.75,45.0,0,2.445537757212928e-06,0.4805279290802038
F22Q20305428,2022,202306,236585.0,803.0,45.0,45.0,28.0,TX,5.2,48.0,0,8.115171136109749e-06,0.4808587117119104
F22Q40201706,2022,202401,153102.0,782.0,24.0,24.0,13.0,TX,5.75,23.0,0,1.1600016613075564e-05,0.48104615520321076
F22Q10033568,2022,202302,369276.0,798.0,67.0,67.0,22.0,MD,2.115,60.0,0,1.87330771514463e-06,0.4811453899927227
F22Q40032153,2022,202311,148303.0,809.0,54.0,54.0,25.0,KY,5.999,48.0,0,9.725967771270762e-06,0.48116744216816987
F22Q10355112,2022,202303,110474.0,806.0,35.0,35.0,33.0,VA,3.499,31.0,0,4.94161125481061e-06,0.4813107813085762
F22Q10319195,2022,202303,237331.0,789.0,39.0,39.0,30.0,CA,2.875,37.0,0,1.1002698865769102e-06,0.4813218073962996
F22Q10279622,2022,202303,438891.0,813.0,61.0,61.0,18.0,NJ,2.875,999.0,0,1.1127302533129337e-05,0.4814100160980881
F22Q10523375,2022,202304,135784.0,793.0,48.0,48.0,29.0,FL,3.0,40.0,0,2.114135920260322e-06,0.4816746422034534
F22Q10266881,2022,202303,215458.0,813.0,65.0,65.0,20.0,VA,3.125,59.0,0,8.580275416534174e-06,0.4816856682911769
F22Q20101360,2022,202305,404800.0,785.0,39.0,47.0,25.0,CA,3.125,34.0,0,4.9661336436071786e-06,0.4816966943789004
F22Q30067954,2022,202308,415991.0,772.0,29.0,29.0,22.0,CA,3.0,29.0,0,3.5100824551800145e-06,0.48279930315125585
F22Q10161089,2022,202303,140438.0,796.0,70.0,70.0,10.0,NC,2.875,57.0,0,2.301944151719832e-06,0.48324034666019805
F22Q30208957,2022,202310,128134.0,804.0,53.0,53.0,22.0,WI,5.5,44.0,0,1.1259375672658744e-05,0.48336163362515705
F22Q10227610,2022,202303,71092.3,825.0,14.0,14.0,38.0,NJ,3.375,13.0,0,1.0676477817604636e-06,0.4836152336427988
F22Q30223991,2022,202310,97840.8,810.0,45.0,45.0,28.0,MD,5.99,39.0,0,1.0269287440866332e-05,0.484353981520277
F22Q30122623,2022,202309,217224.0,797.0,50.0,50.0,14.0,NY,5.375,42.0,0,1.2951801262944908e-05,0.48462963371336587
F22Q10325718,2022,202302,220500.0,769.0,10.0,10.0,25.0,NY,2.875,9.0,0,9.729210496620349e-07,0.4848170772046662
F22Q10195687,2022,202303,342539.0,800.0,60.0,60.0,20.0,GA,2.875,53.0,0,7.42291017480788e-06,0.48580942509978614
F22Q10402108,2022,202304,130607.0,777.0,37.0,37.0,21.0,NJ,3.875,33.0,0,5.041182051680525e-06,0.48621739034555755
F22Q10053135,2022,202302,121896.0,801.0,60.0,60.0,25.0,IL,2.99,54.0,0,4.493314633619066e-06,0.48622841643328113
F22Q20433252,2022,202307,315062.0,796.0,55.0,55.0,21.0,TX,4.75,53.0,0,7.860739893040464e-06,0.4866804860299468
F22Q30195168,2022,202308,214999.0,793.0,42.0,42.0,29.0,TX,4.25,38.0,0,4.108655119947069e-06,0.489569321013518
F22Q20326942,2022,202307,131902.0,785.0,54.0,54.0,23.0,AL,4.375,47.0,0,2.4456671919702075e-06,0.4900544688733543
F22Q10017846,2022,202302,228464.0,778.0,49.0,49.0,21.0,NJ,3.375,45.0,0,2.62946179833419e-06,0.49038525150506096
F22Q30015778,2022,202308,49236.4,819.0,28.0,28.0,29.0,IN,5.75,24.0,0,1.4430740005198848e-05,0.49055064282091426
F22Q10523566,2022,202304,176976.0,791.0,60.0,60.0,24.0,IL,3.0,56.0,0,1.0151843099870915e-06,0.49057269499636147
F22Q10295944,2022,202303,317587.0,775.0,47.0,47.0,17.0,TN,3.125,44.0,0,3.820452315952518e-06,0.4910688689439213
F22Q10524546,2022,202302,269138.0,804.0,65.0,65.0,23.0,FL,2.875,58.0,0,5.063232019723592e-06,0.4912232341720511
F22Q10368988,2022,202304,115503.0,799.0,54.0,56.0,30.0,IL,2.125,46.0,0,1.5676677527866176e-06,0.49130041678611597
F22Q10363511,2022,202303,138573.0,801.0,30.0,30.0,35.0,CO,2.875,27.0,0,1.355347241297683e-06,0.49156504289148123
F22Q10242790,2022,202303,307247.0,787.0,40.0,40.0,23.0,UT,3.5,35.0,0,7.60061102396093e-06,0.4917304342073346
F22Q20215340,2022,202306,325534.0,793.0,57.0,57.0,23.0,NE,3.875,51.0,0,4.867613026658845e-06,0.4918296689968466
F22Q20321020,2022,202307,393148.0,779.0,42.0,42.0,14.0,DE,4.625,37.0,0,7.557356374705188e-06,0.4918296689968466
F22Q10311557,2022,202303,145162.0,794.0,25.0,25.0,32.0,CA,2.625,26.0,0,3.670979732280253e-06,0.49273380819017787
F22Q40028561,2022,202311,123429.0,782.0,39.0,39.0,16.0,PA,5.875,37.0,0,9.203325296152577e-06,0.4929433038569255
F22Q30264376,2022,202310,121084.0,814.0,28.0,28.0,23.0,MO,5.25,27.0,0,2.209778762496383e-05,0.4936599995589565
F22Q10035390,2022,202302,134171.0,772.0,41.0,41.0,23.0,AZ,2.625,36.0,0,6.264670151202016e-07,0.4940128343661102
F22Q20000309,2022,202305,85371.3,800.0,22.0,22.0,35.0,KS,3.5,19.0,0,2.061126441125281e-06,0.49401283436611027
F22Q30050216,2022,202308,171731.0,792.0,50.0,50.0,28.0,ND,5.0,46.0,0,2.6910117092683885e-06,0.49459721701545867
F22Q30262740,2022,202310,78481.8,802.0,17.0,17.0,32.0,ID,4.875,16.0,0,7.560431492123253e-06,0.4947956865944826
F22Q20126972,2022,202306,216680.0,800.0,49.0,49.0,24.0,AZ,4.875,51.0,0,1.0239023914442842e-05,0.4949059474717181
F22Q10204867,2022,202303,102572.0,796.0,17.0,17.0,34.0,SC,2.875,14.0,0,2.2447138543275565e-06,0.4950933909630185
F22Q10528667,2022,202304,179656.0,781.0,45.0,45.0,20.0,ID,3.75,46.0,0,5.902483387431131e-06,0.495302886629766
F22Q10528811,2022,202304,193052.0,823.0,69.0,69.0,25.0,MT,5.0,999.0,0,4.4074791577730356e-06,0.4954682779456193
F22Q40012694,2022,202311,172633.0,792.0,43.0,43.0,18.0,NC,6.125,39.0,0,1.2306503420998724e-05,0.49571085187553754
F22Q20389600,2022,202307,412772.0,802.0,59.0,59.0,16.0,AZ,4.25,57.0,0,1.1314432568791911e-05,0.4957659823141553
F22Q10220076,2022,202303,281785.0,812.0,55.0,55.0,29.0,ID,2.875,52.0,0,6.5921861586958496e-06,0.4963613910512272
F22Q20392292,2022,202307,237580.0,804.0,56.0,56.0,27.0,MN,4.75,53.0,0,6.494070743938462e-06,0.4984012172800847
F22Q10128564,2022,202302,195996.0,804.0,64.0,64.0,18.0,OK,3.25,59.0,0,8.672125543794408e-06,0.4985004520695967
F22Q10231542,2022,202303,239017.0,794.0,60.0,60.0,17.0,AL,3.25,55.0,0,6.808400799794186e-06,0.49874302599951487
F22Q20410256,2022,202307,269717.0,802.0,54.0,54.0,20.0,NE,5.25,50.0,0,1.2203170716278457e-05,0.49907380863122147
F22Q10551070,2022,202303,234326.0,806.0,54.0,54.0,18.0,CA,3.625,52.0,0,1.480705383177772e-05,0.49909586080666857
F22Q20177271,2022,202305,92724.8,809.0,56.0,56.0,27.0,FL,3.875,41.0,0,7.923531775240054e-06,0.4998566608595938
F22Q20255174,2022,202307,172749.0,809.0,47.0,47.0,22.0,TN,5.75,43.0,0,1.6456726084809634e-05,0.5000661565263413
F22Q30016207,2022,202308,119664.0,778.0,32.0,32.0,20.0,LA,5.875,29.0,0,7.480284819325791e-06,0.5001102608772354
F22Q30109288,2022,202309,237410.0,808.0,36.0,36.0,35.0,NC,4.875,34.0,0,3.1401551290304396e-06,0.500319756543983
F22Q10466191,2022,202304,346502.0,798.0,46.0,46.0,15.0,FL,3.875,37.0,0,1.5875740462053793e-05,0.5004300174212186
F22Q30291551,2022,202309,90549.2,762.0,27.0,27.0,15.0,MI,4.75,23.0,0,3.6428113185904966e-06,0.5006615652634132
F22Q10123361,2022,202302,91843.3,786.0,56.0,56.0,24.0,PA,2.75,50.0,0,1.726299929462607e-06,0.5008600348424372
F22Q10189458,2022,202302,293866.0,791.0,44.0,44.0,30.0,FL,3.125,35.0,0,2.098127733382196e-06,0.5013341566145502
F22Q20306908,2022,202307,51717.3,771.0,35.0,35.0,24.0,MO,2.875,30.0,0,1.5106141967671967e-06,0.5013562087899971
F22Q10166905,2022,202302,131709.0,802.0,46.0,46.0,33.0,NY,2.875,999.0,0,2.2254740926948903e-06,0.5024367653869055
F22Q20405159,2022,202306,244840.0,810.0,68.0,68.0,17.0,CA,4.375,55.0,0,8.733139676242886e-06,0.5025029219132467
F22Q10126429,2022,202302,48543.0,779.0,38.0,38.0,25.0,PA,2.75,999.0,0,3.5716785563380184e-06,0.5026021567027588
F22Q20379124,2022,202307,301774.0,791.0,45.0,45.0,29.0,FL,3.875,35.0,0,3.106342868585729e-06,0.5029549915099125
F22Q10562335,2022,202304,295945.0,823.0,75.0,75.0,18.0,IL,4.0,65.0,0,3.4107942594573364e-06,0.5041458089840563
F22Q30115139,2022,202309,153006.0,793.0,35.0,35.0,16.0,FL,5.75,33.0,0,1.6259504793411615e-05,0.5043001742121861
F22Q10335848,2022,202303,193201.0,779.0,25.0,25.0,29.0,CA,3.171,24.0,0,1.369295642413436e-06,0.504377356826251
F22Q10378364,2022,202304,156931.0,770.0,40.0,40.0,17.0,TX,3.504,38.0,0,4.214685820192663e-06,0.5044876177034865
F22Q20262473,2022,202306,235692.0,804.0,52.0,52.0,16.0,RI,5.625,44.0,0,1.6178032935890336e-05,0.5049617394755993
F22Q10119165,2022,202302,537273.0,779.0,49.0,49.0,8.0,FL,3.25,38.0,0,6.8020284595240655e-06,0.50499481773877
F22Q30112353,2022,202309,39287.7,778.0,22.0,22.0,14.0,WI,5.375,999.0,0,1.0949756601009032e-05,0.505314574282753
F22Q10393506,2022,202304,171851.0,779.0,50.0,50.0,8.0,MA,3.875,48.0,0,6.389902627089217e-06,0.5055461221249477
F22Q30223312,2022,202309,79531.7,779.0,25.0,25.0,29.0,TX,4.125,9.0,0,1.4985070633728491e-06,0.5058107482303129
F22Q10511647,2022,202304,121185.0,795.0,69.0,69.0,12.0,NC,3.99,55.0,0,4.094657302451549e-06,0.5059099830198249
F22Q10488630,2022,202304,130297.0,801.0,57.0,57.0,20.0,FL,3.5,999.0,0,1.0734396667703918e-05,0.5064612874060026
F22Q10049295,2022,202303,133604.0,773.0,48.0,48.0,16.0,MI,3.0,41.0,0,3.808180281976728e-06,0.5072331135466513
F22Q20305987,2022,202307,336817.0,804.0,51.0,51.0,27.0,WI,5.375,46.0,0,8.85211349199334e-06,0.5072331135466513
F22Q10470157,2022,202304,529146.0,822.0,65.0,65.0,26.0,ME,3.5,56.0,0,6.16972772941433e-06,0.5083026440558361
F22Q10168513,2022,202302,291624.0,820.0,46.0,46.0,35.0,NY,2.875,45.0,0,2.9709343362025695e-06,0.5083357223190068
F22Q10415298,2022,202303,170172.0,807.0,69.0,69.0,22.0,WI,3.15,58.0,0,5.2788699032597005e-06,0.5084790614594129
F22Q10254614,2022,202303,131103.0,796.0,70.0,70.0,19.0,IA,3.125,61.0,0,1.4173638876685349e-06,0.5087326614770546
F22Q10191275,2022,202302,283614.0,811.0,40.0,40.0,36.0,FL,2.75,34.0,0,1.90109716917802e-06,0.5089090788806316
F22Q10085601,2022,202302,228978.0,787.0,46.0,46.0,21.0,NV,3.125,48.0,0,8.303322221948191e-06,0.5089862614946965
F22Q10059595,2022,202302,223567.0,798.0,44.0,44.0,33.0,PA,2.125,38.0,0,1.2609714924482649e-06,0.5090524180210378
F22Q20188886,2022,202305,54477.9,796.0,35.0,35.0,31.0,SC,3.75,999.0,0,5.199514081828804e-06,0.5096478267581097
F22Q10000614,2022,202302,158910.0,809.0,27.0,27.0,37.0,WA,2.875,25.0,0,2.0470901924149787e-06,0.5098242441616865
F22Q20116273,2022,202305,253748.0,814.0,10.0,10.0,36.0,NY,3.125,999.0,0,5.5823868759314415e-06,0.5100888702670519
F22Q20155191,2022,202306,133249.0,809.0,67.0,67.0,26.0,PA,4.875,60.0,0,3.826147246830604e-06,0.510132974617946
F22Q10098789,2022,202302,216180.0,780.0,57.0,57.0,19.0,IL,2.875,52.0,0,2.414124762585512e-06,0.5106291485655059
F22Q30214160,2022,202309,114944.0,812.0,36.0,36.0,33.0,MN,4.999,33.0,0,7.562045756411824e-06,0.510728383355018
F22Q30271967,2022,202309,115653.0,785.0,39.0,39.0,23.0,IN,5.0,35.0,0,7.904004660897806e-06,0.5110591659867245
F22Q30195974,2022,202309,302494.0,773.0,52.0,52.0,11.0,AL,5.375,47.0,0,3.310425187994716e-06,0.5112025051271307
F22Q10102293,2022,202302,283966.0,787.0,57.0,57.0,25.0,NJ,2.5,48.0,0,1.370439785837633e-06,0.5116545747237965
F22Q30098454,2022,202309,148025.0,806.0,23.0,23.0,26.0,ID,5.625,23.0,0,1.7710997188817724e-05,0.5116876529869672
F22Q20048691,2022,202305,343701.0,812.0,40.0,40.0,34.0,CA,3.875,41.0,0,5.399628440323009e-06,0.5118861225659912
F22Q10351136,2022,202304,246324.0,800.0,53.0,53.0,29.0,WI,3.25,45.0,0,4.696189516239145e-06,0.5121728008468036
F22Q10038233,2022,202302,249837.0,799.0,38.0,38.0,34.0,LA,2.125,35.0,0,1.867620682789991e-06,0.5122499834608685
F22Q10396391,2022,202304,143247.0,797.0,53.0,53.0,18.0,AZ,3.875,51.0,0,1.1977102011307053e-05,0.5126358965311928
F22Q30253496,2022,202310,143047.0,804.0,45.0,45.0,28.0,IL,5.5,41.0,0,1.0035314578186425e-05,0.5127020530575341
F22Q40032554,2022,202311,221969.0,788.0,33.0,33.0,18.0,DE,5.5,30.0,0,1.3610088443149682e-05,0.5130218096015172
F22Q20032155,2022,202305,240103.0,808.0,56.0,56.0,31.0,NY,3.875,52.0,0,3.600817562136479e-06,0.5134849052859064
F22Q10231714,2022,202303,223845.0,779.0,43.0,43.0,20.0,AL,3.533,42.0,0,6.395627668599953e-06,0.5140362096720841
F22Q10527773,2022,202304,266799.0,761.0,38.0,38.0,17.0,NY,2.75,35.0,0,1.3653049355560406e-06,0.5140582618475312
F22Q40049746,2022,202311,329202.0,800.0,70.0,70.0,19.0,MO,4.875,66.0,0,3.574382450993304e-06,0.5142898096897259
F22Q30146720,2022,202309,396969.0,786.0,51.0,51.0,15.0,NJ,5.375,46.0,0,8.72592114397028e-06,0.514311861865173
F22Q20082633,2022,202305,353123.0,823.0,23.0,23.0,34.0,CA,4.0,21.0,0,8.927993304579716e-06,0.5144662270933028
F22Q20080673,2022,202305,114715.0,810.0,54.0,54.0,19.0,AR,3.875,46.0,0,1.656841466261224e-05,0.5144772531810262
F22Q20142409,2022,202306,97365.1,761.0,31.0,31.0,13.0,IN,4.25,29.0,0,3.726005300291034e-06,0.5145764879705382
F22Q30083401,2022,202308,288573.0,809.0,60.0,60.0,12.0,MO,5.006,58.0,0,1.46713396896405e-05,0.5148631662513506
F22Q10207676,2022,202303,76541.3,805.0,31.0,31.0,36.0,LA,4.0,29.0,0,2.3746714222234217e-06,0.515028557567204
F22Q10184640,2022,202302,424958.0,807.0,57.0,57.0,31.0,MA,2.5,50.0,0,3.0158016452344193e-06,0.5152160010585044
F22Q10126763,2022,202302,135883.0,788.0,36.0,36.0,26.0,UT,2.875,31.0,0,7.585866650575394e-06,0.5159216706728118
F22Q10056151,2022,202302,342685.0,774.0,39.0,39.0,22.0,TN,2.125,31.0,0,4.192302413818223e-06,0.5159878271991531
F22Q10158009,2022,202303,122370.0,785.0,45.0,45.0,28.0,MI,2.875,42.0,0,2.2680691045643316e-06,0.5162855315676891
F22Q10251612,2022,202302,326191.0,776.0,38.0,38.0,23.0,FL,3.125,30.0,0,4.594490370325167e-06,0.5165722098485015
F22Q10183965,2022,202304,39310.1,772.0,43.0,43.0,18.0,IL,4.125,35.0,0,4.627194028459184e-06,0.5172227490241912
F22Q10217332,2022,202303,217963.0,808.0,47.0,47.0,12.0,CO,3.125,48.0,0,2.2437984581360457e-05,0.5180056012525636
F22Q10108433,2022,202302,377532.0,794.0,73.0,73.0,10.0,FL,2.375,66.0,0,1.06736308062237e-06,0.5183033056210994
F22Q10072181,2022,202302,187679.0,771.0,54.0,54.0,13.0,TN,2.875,50.0,0,1.9154204133271637e-06,0.5184686969369527
F22Q10453524,2022,202303,153686.0,805.0,40.0,40.0,32.0,VA,3.75,38.0,0,6.84432851627785e-06,0.5195051491829669
F22Q10188919,2022,202303,150425.0,796.0,69.0,69.0,17.0,MD,2.875,60.0,0,4.1403492826176325e-06,0.5196484883233731
F22Q30219699,2022,202310,217031.0,808.0,34.0,34.0,28.0,CA,5.49,33.0,0,1.4394699715948136e-05,0.5196484883233731
F22Q20357674,2022,202307,190373.0,772.0,49.0,49.0,21.0,CA,4.25,45.0,0,1.5328764190936413e-06,0.5199902970428032
F22Q10538050,2022,202304,226628.0,769.0,38.0,38.0,24.0,NJ,3.375,35.0,0,7.06331190697974e-07,0.5210267492888173
F22Q10474839,2022,202304,87314.3,782.0,44.0,44.0,21.0,TX,4.25,39.0,0,7.350196612823777e-06,0.5216662623767835
F22Q40164374,2022,202401,168054.0,802.0,38.0,38.0,21.0,FL,6.375,37.0,0,1.894847226443494e-05,0.5219639667453195
F22Q30049492,2022,202308,144325.0,791.0,37.0,37.0,23.0,AZ,4.99,37.0,0,1.1657811645305151e-05,0.5220962797980021
F22Q20182056,2022,202306,238185.0,796.0,43.0,43.0,22.0,TX,4.999,48.0,0,1.333465178027006e-05,0.5223168015524731
F22Q20277475,2022,202306,128887.0,797.0,49.0,49.0,26.0,ND,4.5,45.0,0,8.6409234238656e-06,0.5225704015701149
F22Q10293090,2022,202303,255814.0,787.0,36.0,36.0,20.0,NC,4.125,32.0,0,1.1980380745205833e-05,0.522768871149139
F22Q30176562,2022,202309,139166.0,801.0,59.0,59.0,25.0,FL,4.375,56.0,0,7.132005327944734e-06,0.522912210289545
F22Q10262581,2022,202303,117354.0,809.0,48.0,48.0,31.0,FL,3.375,42.0,0,7.416514839085443e-06,0.5238273755706
F22Q20199533,2022,202306,127949.0,802.0,60.0,60.0,22.0,MO,4.625,52.0,0,9.06097603948429e-06,0.5242353408163716
F22Q10254908,2022,202303,250245.0,799.0,60.0,60.0,27.0,CA,3.875,58.0,0,3.692345060538955e-06,0.5246653582375902
F22Q10281344,2022,202303,339500.0,810.0,60.0,60.0,22.0,CO,3.625,999.0,0,1.1457953469650378e-05,0.5248528017288905
F22Q10437206,2022,202304,145389.0,789.0,32.0,32.0,21.0,TX,3.99,30.0,0,1.3308378077309135e-05,0.5250071669570203
F22Q30153227,2022,202309,116481.0,773.0,24.0,24.0,24.0,KY,5.375,21.0,0,5.1023877355062e-06,0.5256907843958806
F22Q40039050,2022,202311,208916.0,800.0,20.0,20.0,27.0,NY,5.75,999.0,0,1.4869184689767275e-05,0.5257900191853927
F22Q20124547,2022,202305,145325.0,790.0,44.0,44.0,28.0,IN,3.875,39.0,0,5.188280378216888e-06,0.5258341235362869
F22Q10457309,2022,202304,74292.1,792.0,42.0,42.0,30.0,KY,3.0,36.0,0,4.240256003869751e-06,0.5259554105012461
F22Q10319392,2022,202302,164607.0,762.0,25.0,25.0,23.0,CA,2.25,24.0,0,1.2828502979168529e-06,0.5270800714490484
F22Q10033475,2022,202302,183713.0,769.0,44.0,44.0,22.0,CO,2.75,43.0,0,1.4647011521716488e-06,0.5272344366771782
F22Q10469323,2022,202304,172114.0,803.0,56.0,56.0,24.0,FL,4.375,50.0,0,1.032215956684692e-05,0.5273336714666902
F22Q30144916,2022,202309,49295.0,802.0,36.0,36.0,33.0,IL,5.25,32.0,0,5.722172396163741e-06,0.5274990627825435
F22Q10400078,2022,202303,121852.0,798.0,62.0,62.0,17.0,LA,3.375,59.0,0,8.871260196014335e-06,0.5275541932211613
F22Q30111570,2022,202309,207175.0,777.0,35.0,35.0,17.0,WI,5.125,30.0,0,9.196152605278416e-06,0.52782984541425
F22Q30288384,2022,202310,327852.0,775.0,50.0,50.0,11.0,FL,4.0,45.0,0,5.684838637848854e-06,0.5280172889055504
F22Q10287274,2022,202303,228528.0,793.0,63.0,63.0,20.0,CA,3.5,60.0,0,5.2432803037505666e-06,0.528502436765387
F22Q10158340,2022,202302,610512.0,786.0,52.0,52.0,7.0,FL,2.75,45.0,0,9.844186787700347e-06,0.5285355150285577
F22Q20056229,2022,202305,56843.4,799.0,14.0,14.0,32.0,CT,4.125,12.0,0,8.102139886622247e-06,0.5286347498180696
F22Q20018826,2022,202305,147134.0,771.0,46.0,46.0,17.0,WA,4.0,44.0,0,4.335178330757454e-06,0.528745010695305
F22Q10019416,2022,202302,122438.0,825.0,60.0,60.0,33.0,MS,2.75,52.0,0,8.30309071050311e-07,0.5287450106953051
F22Q40062408,2022,202311,118235.0,817.0,43.0,43.0,28.0,MO,5.99,40.0,0,1.4585199969014495e-05,0.5288111672216463
F22Q40220955,2022,202401,188500.0,804.0,54.0,54.0,30.0,NC,6.25,52.0,0,5.447064366271024e-06,0.5288993759234348
F22Q20061176,2022,202305,344228.0,798.0,37.0,37.0,30.0,FL,4.375,33.0,0,7.988391785407238e-06,0.5290757933270117
F22Q10498204,2022,202303,183555.0,812.0,66.0,66.0,30.0,KY,2.75,58.0,0,1.2824136331540029e-06,0.5290978455024589
F22Q40067965,2022,202311,120000.0,802.0,31.0,31.0,34.0,TN,4.875,23.0,0,5.212767230184732e-06,0.5290978455024589
F22Q10321790,2022,202303,230487.0,767.0,27.0,27.0,25.0,TX,2.5,23.0,0,1.713107855658047e-06,0.5292301585551414
F22Q10341514,2022,202304,202130.0,824.0,32.0,32.0,36.0,CO,3.625,32.0,0,5.475448714046006e-06,0.5292963150814828
F22Q20107015,2022,202305,277326.0,799.0,23.0,23.0,35.0,TX,2.99,23.0,0,3.3642177786680064e-06,0.5293955498709948
F22Q30129872,2022,202309,196982.0,783.0,34.0,34.0,26.0,PA,4.875,30.0,0,6.4713395267990915e-06,0.5295058107482302
F22Q30046775,2022,202308,151139.0,768.0,30.0,35.0,18.0,IN,4.25,26.0,0,6.05387324566153e-06,0.5296270977131894
F22Q30225428,2022,202310,207158.0,806.0,14.0,14.0,34.0,NY,5.875,13.0,0,7.819415590014777e-06,0.5299248020817254
F22Q30219612,2022,202309,60139.9,783.0,36.0,36.0,25.0,MI,5.25,31.0,0,7.039828943988667e-06,0.530079167309855
F22Q10439502,2022,202302,334840.0,795.0,70.0,70.0,20.0,NY,3.0,65.0,0,1.6826156212610096e-06,0.5302335325379849
F22Q30147812,2022,202309,170609.0,806.0,60.0,60.0,22.0,OH,4.95,56.0,0,1.062368190510637e-05,0.5309171499768452
F22Q10117147,2022,202302,312217.0,772.0,24.0,24.0,27.0,CA,2.25,23.0,0,2.2761993787242835e-06,0.5310274108540807
F22Q10105086,2022,202302,180316.0,784.0,21.0,21.0,24.0,CO,3.25,17.0,0,1.02465389966217e-05,0.5313802456612345
F22Q30247432,2022,202310,76432.5,799.0,17.0,17.0,36.0,PA,5.375,14.0,0,2.2473143377204946e-06,0.531810263082453
F22Q30189627,2022,202308,166005.0,809.0,72.0,72.0,22.0,OH,4.25,43.0,0,4.253665014556976e-06,0.5319205239596886
F22Q10137684,2022,202302,252005.0,783.0,62.0,62.0,20.0,NC,2.25,55.0,0,1.1998450674452903e-06,0.5324497761704192
F22Q30135612,2022,202308,189750.0,798.0,40.0,40.0,27.0,GA,5.5,36.0,0,1.105845601869795e-05,0.5327254283635081
F22Q10118604,2022,202302,141782.0,788.0,62.0,62.0,18.0,KS,2.75,54.0,0,4.472046999924695e-06,0.5329018457670849
F22Q30291529,2022,202310,39740.0,817.0,42.0,42.0,15.0,OH,4.875,999.0,0,2.819382829452515e-05,0.5331664718724501
F22Q40147159,2022,202401,196546.0,797.0,50.0,50.0,21.0,PA,5.5,47.0,0,1.2786216089694452e-05,0.5331664718724503
F22Q10111829,2022,202302,317430.0,778.0,39.0,39.0,23.0,TX,3.125,38.0,0,5.935413018877392e-06,0.5333098110128563
F22Q20223825,2022,202306,118021.0,786.0,40.0,40.0,26.0,DE,4.375,35.0,0,6.707233423244417e-06,0.5333208371005799
F22Q10307349,2022,202302,128697.0,758.0,31.0,31.0,20.0,OH,2.49,28.0,0,1.002482719041113e-06,0.5335964892936689
F22Q10367112,2022,202304,144909.0,803.0,60.0,60.0,21.0,AL,4.25,53.0,0,1.0514520834094894e-05,0.5337839327849693
F22Q30170304,2022,202309,216132.0,790.0,34.0,34.0,19.0,KY,4.5,32.0,0,1.5306788155941396e-05,0.5339493241008226
F22Q30180480,2022,202309,90285.5,802.0,19.0,19.0,27.0,AZ,5.5,19.0,0,1.6523357445705014e-05,0.5341588197675702
F22Q20378019,2022,202307,149093.0,756.0,18.0,18.0,14.0,CA,4.875,17.0,0,3.778824267520767e-06,0.534357289346594
F22Q10481355,2022,202304,160165.0,820.0,50.0,50.0,34.0,TX,2.625,49.0,0,4.539684344743478e-06,0.5346990980660242
F22Q20224583,2022,202306,212088.0,804.0,56.0,56.0,30.0,FL,3.75,45.0,0,4.95160118233394e-06,0.5347211502414713
F22Q10362269,2022,202303,205342.0,804.0,43.0,43.0,35.0,ID,3.125,45.0,0,2.322444025247898e-06,0.5349196198204953
F22Q30167879,2022,202309,127894.0,785.0,50.0,50.0,23.0,NC,5.125,48.0,0,6.084902531385083e-06,0.5351621937504134
F22Q10545250,2022,202304,568786.0,804.0,46.0,46.0,33.0,NY,3.99,43.0,0,4.542436027940078e-06,0.5353055328908197
F22Q30100785,2022,202309,105004.0,784.0,35.0,35.0,18.0,TX,4.875,32.0,0,1.246242799322994e-05,0.5355591329084615
F22Q30196655,2022,202309,91685.7,802.0,66.0,66.0,24.0,VA,4.625,23.0,0,5.229903694047754e-06,0.5356363155225263
F22Q20121174,2022,202306,270757.0,797.0,61.0,61.0,23.0,NC,4.75,53.0,0,5.9773906133797785e-06,0.5357245242243147
F22Q40162814,2022,202401,80861.3,805.0,60.0,60.0,17.0,SC,6.375,49.0,0,1.3309054944163308e-05,0.5358347851015502
F22Q20001113,2022,202305,133172.0,790.0,39.0,39.0,27.0,IL,4.5,32.0,0,7.871823840733859e-06,0.5360222285928508
F22Q40011323,2022,202311,142413.0,815.0,28.0,28.0,29.0,VA,5.125,25.0,0,1.6838624937749692e-05,0.5360773590314685
F22Q20258808,2022,202306,142405.0,759.0,20.0,20.0,22.0,WY,3.75,19.0,0,1.7092963714018995e-06,0.5362317242595982
F22Q10273596,2022,202303,118623.0,760.0,36.0,36.0,17.0,SC,3.375,20.0,0,2.641752954264866e-06,0.5365294286281342
F22Q30219824,2022,202309,206456.0,778.0,50.0,50.0,21.0,MN,4.875,46.0,0,4.505671169942066e-06,0.5365845590667518
F22Q10390171,2022,202302,188064.0,788.0,38.0,38.0,32.0,NC,2.5,35.0,0,6.688658885867052e-07,0.5365955851544755
F22Q20236743,2022,202306,432183.0,823.0,70.0,73.0,23.0,MO,3.875,58.0,0,6.70697849701168e-06,0.5373453591196772
F22Q20298293,2022,202307,177630.0,809.0,43.0,43.0,31.0,TX,5.625,42.0,0,9.481944801821412e-06,0.5374225417337419
F22Q10143712,2022,202302,197326.0,781.0,60.0,60.0,21.0,KY,2.5,53.0,0,1.132774019862048e-06,0.5375217765232541
F22Q10536829,2022,202304,381598.0,794.0,64.0,64.0,19.0,TX,2.865,53.0,0,6.111802366739976e-06,0.5375548547864246
F22Q10373831,2022,202304,82423.9,805.0,23.0,23.0,37.0,WI,3.25,20.0,0,2.716162339741656e-06,0.537720246102278
F22Q10188827,2022,202303,363494.0,809.0,29.0,29.0,38.0,PA,2.125,25.0,0,1.2286415007060337e-06,0.5388449070500805
F22Q20051883,2022,202305,376740.0,788.0,57.0,57.0,19.0,OK,4.25,52.0,0,7.198129482232669e-06,0.538877985313251
F22Q10514450,2022,202304,321104.0,794.0,56.0,56.0,26.0,NC,3.419,50.0,0,5.489667326397644e-06,0.5390985070677221
F22Q40039771,2022,202311,228618.0,787.0,41.0,41.0,17.0,AL,5.652,39.0,0,1.3157720325180088e-05,0.5396277592784529
F22Q20294464,2022,202306,107447.0,786.0,28.0,28.0,32.0,FL,4.0,23.0,0,2.126323204782373e-06,0.5400467506119478
F22Q30218940,2022,202310,123114.0,796.0,37.0,37.0,32.0,FL,4.875,35.0,0,4.988714961088332e-06,0.5401459854014599
F22Q10297674,2022,202302,150785.0,784.0,59.0,59.0,17.0,OH,3.0,54.0,0,5.4414111176646885e-06,0.5403995854191016
F22Q40000369,2022,202311,148046.0,811.0,43.0,43.0,24.0,IL,6.125,40.0,0,1.934025854227388e-05,0.5406421593490198
F22Q20386680,2022,202307,88416.4,788.0,44.0,44.0,26.0,CA,4.99,8.0,0,7.056014809758752e-06,0.5408957593666615
F22Q10335538,2022,202303,105637.0,803.0,67.0,67.0,27.0,OH,3.0,55.0,0,2.657172665248797e-06,0.5411162811211326
F22Q30305314,2022,202310,222900.0,782.0,47.0,47.0,28.0,NC,4.374,42.0,0,1.6133079099814836e-06,0.5412596202615388
F22Q30203428,2022,202310,214184.0,802.0,64.0,64.0,29.0,PA,4.0,43.0,0,1.6247660339994585e-06,0.5416786115950338
F22Q30270030,2022,202309,221899.0,790.0,57.0,57.0,22.0,NY,5.375,49.0,0,6.5922827532339395e-06,0.5419432377003991
F22Q10031460,2022,202302,147764.0,779.0,42.0,42.0,24.0,AL,2.93,39.0,0,5.464181877894378e-06,0.5422960725075529
F22Q30242072,2022,202310,234387.0,793.0,66.0,66.0,22.0,PA,4.375,38.0,0,3.2670149866072538e-06,0.5426599334024302
F22Q10527700,2022,202304,232224.0,784.0,37.0,37.0,30.0,CA,2.875,34.0,0,2.6217958127603113e-06,0.5427150638410481
F22Q10569997,2022,202304,152128.0,777.0,46.0,46.0,19.0,UT,4.0,44.0,0,6.624768271700361e-06,0.5427481421042186
F22Q20124535,2022,202306,256115.0,821.0,40.0,40.0,26.0,NV,5.0,40.0,0,1.947192447240215e-05,0.5431009769113723
F22Q10260138,2022,202303,208300.0,802.0,70.0,70.0,19.0,FL,3.25,63.0,0,5.809747614200424e-06,0.5431230290868194
F22Q10380990,2022,202304,157485.0,780.0,59.0,59.0,21.0,MN,2.25,52.0,0,2.1221920579445833e-06,0.5436963856484441
F22Q20107328,2022,202305,127898.0,755.0,38.0,38.0,12.0,WV,3.0,30.0,0,1.5091346036344443e-06,0.5438838291397446
F22Q10210435,2022,202303,176320.0,803.0,59.0,59.0,27.0,SC,3.125,999.0,0,7.087024548641734e-06,0.5441043508942157
F22Q30302953,2022,202310,210580.0,796.0,27.0,27.0,29.0,CA,4.615,27.0,0,1.0637059360990172e-05,0.5445343683154342
F22Q20284850,2022,202307,170303.0,819.0,50.0,50.0,27.0,OH,5.375,47.0,0,1.4456681630949828e-05,0.5451408031402298
F22Q10311937,2022,202303,309900.0,770.0,44.0,44.0,24.0,CA,2.375,39.0,0,1.2532397772873283e-06,0.5456369770877898
F22Q20139271,2022,202305,390500.0,796.0,42.0,42.0,24.0,TN,4.0,40.0,0,1.3245180351697458e-05,0.5458133944913666
F22Q10161988,2022,202303,274635.0,812.0,55.0,55.0,32.0,FL,3.875,46.0,0,5.2497774745272665e-06,0.5463757249652679
F22Q10345304,2022,202303,142627.0,777.0,59.0,59.0,9.0,ID,3.25,57.0,0,3.934190632691248e-06,0.5464088032284385
F22Q40117591,2022,202311,158141.0,799.0,35.0,35.0,35.0,MO,6.25,999.0,0,2.6183898622685413e-06,0.5465962467197389
F22Q10229712,2022,202303,178370.0,808.0,66.0,66.0,29.0,PA,2.939,56.0,0,2.5772638139030203e-06,0.5467506119478687
F22Q10168038,2022,202303,119003.0,755.0,37.0,37.0,16.0,AL,2.75,31.0,0,9.978495753567374e-07,0.5474562815621761
F22Q30291834,2022,202310,262442.0,790.0,31.0,31.0,26.0,GA,5.076,29.0,0,1.0962568198243174e-05,0.5480296381238009
F22Q40120315,2022,202312,162798.0,781.0,30.0,30.0,30.0,DE,4.75,28.0,0,2.8118786500656713e-06,0.5484045251064017
F22Q20315329,2022,202307,597529.0,801.0,70.0,70.0,13.0,NJ,5.625,999.0,0,7.295206796583684e-06,0.5486912033872141
F22Q20066268,2022,202305,391827.0,801.0,70.0,70.0,22.0,KS,2.75,57.0,0,4.094311867560701e-06,0.5490440381943679
F22Q20189542,2022,202306,259107.0,801.0,65.0,65.0,26.0,FL,4.5,60.0,0,4.286905671054945e-06,0.5490991686329857
F22Q20286853,2022,202307,126370.0,820.0,43.0,43.0,17.0,CO,6.125,41.0,0,2.84539138980526e-05,0.5491542990716035
F22Q20161577,2022,202305,99481.9,782.0,49.0,49.0,26.0,MO,3.375,40.0,0,3.5709792906520144e-06,0.5496063686682691
F22Q20104984,2022,202305,165105.0,814.0,70.0,70.0,21.0,FL,4.125,58.0,0,8.120306444326588e-06,0.5498489425981873
F22Q20065322,2022,202305,165105.0,814.0,70.0,70.0,21.0,FL,4.125,59.0,0,8.129210992593066e-06,0.5500474121772113
F22Q10217132,2022,202303,203292.0,781.0,59.0,59.0,20.0,UT,2.79,59.0,0,3.468159327323902e-06,0.5504884556861533
F22Q20066380,2022,202305,411676.0,794.0,51.0,51.0,26.0,MA,3.5,42.0,0,7.902390398449862e-06,0.5505105078616005
F22Q10115781,2022,202302,256603.0,791.0,48.0,48.0,21.0,UT,3.25,49.0,0,1.1717603712125606e-05,0.550697951352901
F22Q40098823,2022,202312,300135.0,790.0,51.0,51.0,13.0,PA,5.75,51.0,0,1.294662392124472e-05,0.5513705427040377
F22Q20409134,2022,202307,270457.0,796.0,58.0,58.0,27.0,TX,4.49,56.0,0,5.062260934100552e-06,0.5516682470725738
F22Q20107255,2022,202305,181613.0,784.0,52.0,52.0,24.0,PA,4.99,43.0,0,5.069736994488592e-06,0.5520982644937924
F22Q30148885,2022,202309,92247.9,768.0,29.0,29.0,24.0,SC,5.125,28.0,0,3.878690877663221e-06,0.5521092905815159
F22Q10017296,2022,202303,143067.0,797.0,73.0,73.0,19.0,IN,3.125,60.0,0,2.3086197553029748e-06,0.5523077601605398
F22Q40008198,2022,202311,197427.0,813.0,30.0,30.0,19.0,OR,5.75,29.0,0,3.1115560940518586e-05,0.5523408384237105
F22Q30337151,2022,202403,197267.0,791.0,43.0,43.0,23.0,OH,5.0,36.0,0,1.1876543858627244e-05,0.5528811167221647
F22Q30120425,2022,202309,206245.0,779.0,60.0,60.0,15.0,GA,4.875,50.0,0,3.54117291949921e-06,0.5531126645643593
F22Q40010225,2022,202311,202483.0,794.0,51.0,51.0,19.0,NH,6.0,46.0,0,1.3192515124726778e-05,0.5536308906873663
F22Q40049116,2022,202311,133727.0,799.0,23.0,23.0,18.0,UT,5.5,22.0,0,2.5361000716706462e-05,0.5536860211259841
F22Q10252117,2022,202301,142424.0,800.0,55.0,55.0,26.0,OH,3.25,48.0,0,9.120516332777087e-06,0.5539506472313495
F22Q10463564,2022,202304,85784.7,790.0,31.0,31.0,33.0,FL,3.375,23.0,0,2.7658722775600427e-06,0.5540168037576908
F22Q10570701,2022,202304,208322.0,763.0,48.0,48.0,17.0,OH,3.0,35.0,0,1.7759633304079762e-06,0.5541270646349262
F22Q20048274,2022,202305,245515.0,787.0,58.0,58.0,25.0,MN,3.875,49.0,0,3.1886808331519136e-06,0.554182195073544
F22Q10103746,2022,202302,153790.0,791.0,27.0,27.0,34.0,MI,3.125,26.0,0,2.377476044346856e-06,0.5543475863893974
F22Q20337349,2022,202307,184707.0,807.0,66.0,66.0,19.0,NY,5.625,999.0,0,1.0724036793721838e-05,0.5545681081438684
F22Q10235943,2022,202302,244780.0,794.0,45.0,45.0,27.0,IN,3.0,42.0,0,9.184608175867244e-06,0.5551745429686639
F22Q10113370,2022,202302,538517.0,781.0,62.0,62.0,20.0,NJ,3.0,58.0,0,1.6282809189727366e-06,0.5554722473371998
F22Q20185599,2022,202306,136788.0,802.0,40.0,40.0,33.0,AZ,4.625,25.0,0,6.261525307148109e-06,0.555913290846142
F22Q30127134,2022,202309,263829.0,807.0,62.0,62.0,24.0,MI,5.25,56.0,0,9.53482461049173e-06,0.5560897082497188
F22Q10290533,2022,202303,142982.0,811.0,38.0,38.0,38.0,NJ,3.125,34.0,0,7.902463061968512e-07,0.5562881778287428
F22Q20005219,2022,202304,209910.0,813.0,70.0,70.0,19.0,MI,3.875,63.0,0,9.423330257245524e-06,0.5576113083555693
F22Q10217204,2022,202303,250260.0,761.0,40.0,40.0,18.0,WA,3.125,38.0,0,2.8959271160387994e-06,0.5577325953205283
F22Q40133132,2022,202401,338787.0,805.0,43.0,43.0,20.0,AZ,5.999,41.0,0,2.2499047171111268e-05,0.5580082475136172
F22Q30011207,2022,202308,161079.0,801.0,15.0,15.0,25.0,HI,5.469,13.0,0,2.0571967630908288e-05,0.5581074823031291
F22Q40176013,2022,202401,225481.0,779.0,42.0,42.0,20.0,VT,6.0,27.0,0,8.839994216836962e-06,0.5582177431803648
F22Q20102146,2022,202305,230896.0,795.0,59.0,59.0,29.0,FL,3.3,50.0,0,2.294074666955837e-06,0.5583500562330475
F22Q20048192,2022,202305,162397.0,801.0,54.0,54.0,20.0,CO,4.625,52.0,0,1.5248982167947096e-05,0.5587910997419896
F22Q10517402,2022,202304,88406.9,760.0,23.0,23.0,24.0,UT,3.25,17.0,0,1.574098032952298e-06,0.5589013606192251
F22Q10055277,2022,202302,98093.2,763.0,29.0,29.0,25.0,PA,2.75,26.0,0,1.1688621258985055e-06,0.5589785432332899
F22Q10339470,2022,202303,268144.0,795.0,59.0,59.0,25.0,TX,2.999,62.0,0,6.358981215044684e-06,0.559496769356297
F22Q30098037,2022,202309,236616.0,784.0,47.0,47.0,17.0,TX,5.25,47.0,0,1.110973564866169e-05,0.5596290824089797
F22Q10444171,2022,202304,193898.0,757.0,31.0,31.0,12.0,GA,3.875,29.0,0,4.468828743639167e-06,0.5596842128475974
F22Q10035762,2022,202302,138587.0,819.0,54.0,54.0,33.0,MD,3.125,48.0,0,5.662174317198432e-06,0.5599378128652392
F22Q30251179,2022,202309,77986.0,774.0,41.0,41.0,15.0,NC,5.875,32.0,0,8.853165581963488e-06,0.5601583346197102
F22Q40025263,2022,202311,299289.0,797.0,45.0,45.0,27.0,ME,4.375,37.0,0,1.068846262911063e-05,0.56031269984784
F22Q10255323,2022,202302,411047.0,800.0,60.0,60.0,28.0,CA,2.875,58.0,0,4.768452213786636e-06,0.5604229607250756
F22Q10339867,2022,202303,168640.0,790.0,62.0,62.0,26.0,NC,2.5,47.0,0,1.295291091332666e-06,0.5604339868127991
F22Q20370562,2022,202307,160468.0,782.0,17.0,17.0,24.0,CA,5.75,18.0,0,1.1166754516241135e-05,0.5609632390235296
F22Q10131614,2022,202302,235066.0,806.0,51.0,51.0,30.0,WA,3.0,48.0,0,8.628598000340169e-06,0.56164685646239
F22Q10098538,2022,202302,353985.0,806.0,72.0,72.0,25.0,ID,3.0,70.0,0,2.61384313465404e-06,0.5617571173396256
F22Q10190437,2022,202303,154337.0,781.0,56.0,56.0,21.0,AZ,3.75,54.0,0,4.8548631633169955e-06,0.5621540564976735
F22Q20064249,2022,202305,163929.0,783.0,45.0,45.0,17.0,AR,3.75,40.0,0,1.1358125886914088e-05,0.5622753434626325
F22Q40114882,2022,202311,195024.0,769.0,35.0,35.0,14.0,TX,5.375,30.0,0,8.383376904328066e-06,0.5622863695503562
F22Q20097347,2022,202305,169631.0,804.0,75.0,75.0,17.0,CA,4.5,23.0,0,3.817911358048587e-06,0.5624958652171037
F22Q40058536,2022,202311,172413.0,785.0,42.0,42.0,22.0,SC,4.99,41.0,0,1.0526285657146948e-05,0.5625399695679979
F22Q10001445,2022,202303,94589.0,812.0,29.0,29.0,27.0,WA,2.875,999.0,0,2.1235736015340135e-05,0.562562021743445
F22Q10045704,2022,202302,352326.0,809.0,68.0,68.0,28.0,CA,2.875,65.0,0,3.839028600908032e-06,0.5629920391646636
F22Q10268093,2022,202303,477063.0,800.0,54.0,54.0,13.0,CT,3.75,50.0,0,1.774824511465898e-05,0.5630361435155579
F22Q40078016,2022,202312,267957.0,807.0,58.0,58.0,16.0,MN,6.15,55.0,0,1.7832922259224723e-05,0.5630471696032814
F22Q10183690,2022,202302,187093.0,780.0,52.0,52.0,25.0,FL,2.875,47.0,0,3.051317984841421e-06,0.5630692217787284
F22Q10109697,2022,202302,143462.0,817.0,30.0,30.0,39.0,IN,2.375,29.0,0,1.8776957412656015e-06,0.5634882131122235
F22Q20375910,2022,202307,98325.0,780.0,36.0,36.0,28.0,TX,4.75,35.0,0,4.504915274148585e-06,0.5638300218316536
F22Q10434744,2022,202304,68989.6,779.0,55.0,55.0,24.0,AL,3.75,44.0,0,2.327894563484862e-06,0.5641497783756367
F22Q30139355,2022,202308,113451.0,796.0,52.0,52.0,25.0,OH,5.5,47.0,0,9.924444033711e-06,0.5641938827265309
F22Q10270165,2022,202303,159447.0,775.0,32.0,32.0,28.0,WA,3.0,30.0,0,3.010627561829987e-06,0.5643041436037665
F22Q30055904,2022,202308,146678.0,772.0,41.0,41.0,18.0,FL,4.75,37.0,0,7.2978613151896045e-06,0.56431516969149
F22Q10155075,2022,202302,111332.0,756.0,36.0,36.0,20.0,RI,3.25,31.0,0,7.789585801257256e-07,0.5647451871127087
F22Q10079402,2022,202302,126933.0,800.0,25.0,25.0,37.0,MD,2.573,24.0,0,2.046479541184706e-06,0.5651641784462038
F22Q10153446,2022,202302,184971.0,804.0,75.0,75.0,9.0,IL,2.875,64.0,0,5.177770193160298e-06,0.5653185436743334
F22Q10189528,2022,202303,343139.0,795.0,56.0,56.0,26.0,CA,3.375,55.0,0,7.109729848984824e-06,0.5654949610779103
F22Q30291029,2022,202310,327086.0,789.0,38.0,38.0,25.0,WA,4.875,36.0,0,1.1076570346995374e-05,0.5660352393763645
F22Q20212384,2022,202306,260870.0,774.0,42.0,42.0,27.0,MN,3.5,35.0,0,1.806085026933493e-06,0.5662778133062827
F22Q10137713,2022,202303,97741.6,810.0,44.0,44.0,37.0,ME,3.25,38.0,0,1.9516960543172818e-06,0.5669614307451429
F22Q10522789,2022,202304,198769.0,778.0,62.0,62.0,16.0,SD,3.125,51.0,0,2.43471502859339e-06,0.5672150307627847
F22Q40017260,2022,202311,134319.0,813.0,43.0,43.0,15.0,IN,6.5,39.0,0,3.023379304465568e-05,0.5673252916400202
F22Q20392480,2022,202307,98491.1,775.0,47.0,47.0,24.0,IA,4.875,42.0,0,3.719999602143629e-06,0.5675237612190442
F22Q20329186,2022,202307,235954.0,789.0,35.0,35.0,30.0,AZ,4.25,34.0,0,6.334665377535953e-06,0.5678876221139215
F22Q10269214,2022,202302,493692.0,782.0,53.0,53.0,20.0,CO,2.99,49.0,0,7.214511849290317e-06,0.5681412221315634
F22Q10198548,2022,202302,198895.0,787.0,62.0,62.0,18.0,MI,2.625,90.0,0,5.721448980284111e-06,0.5684389265000992
F22Q30318833,2022,202310,97067.2,785.0,31.0,31.0,25.0,IL,5.5,25.0,0,1.0646433114501892e-05,0.5689240743599355
F22Q10374046,2022,202304,268772.0,805.0,43.0,43.0,36.0,CA,3.2,39.0,0,2.664068022646698e-06,0.5690453613248947
F22Q20175717,2022,202305,197986.0,795.0,55.0,55.0,29.0,WI,3.5,47.0,0,4.600111204745712e-06,0.5694533265706663
F22Q20116364,2022,202305,238710.0,774.0,54.0,54.0,23.0,NY,3.5,46.0,0,1.5366365236304132e-06,0.5694753787461133
F22Q40072300,2022,202312,78957.6,815.0,20.0,20.0,30.0,FL,6.125,19.0,0,1.8348724232662544e-05,0.5696407700619666
F22Q10183989,2022,202303,327726.0,793.0,54.0,54.0,19.0,TX,3.375,52.0,0,1.2380691769967793e-05,0.5696407700619667
F22Q10166921,2022,202302,180439.0,769.0,53.0,53.0,13.0,OH,2.875,49.0,0,4.03894162681786e-06,0.5698392396409906
F22Q30128776,2022,202309,98012.2,800.0,41.0,41.0,30.0,SC,5.875,38.0,0,9.922575262753083e-06,0.5698502657287142
F22Q30030124,2022,202308,308766.0,792.0,66.0,66.0,22.0,DE,3.125,59.0,0,4.165512099719285e-06,0.5701479700972502
F22Q10215528,2022,202303,117015.0,805.0,60.0,60.0,31.0,MO,3.25,52.0,0,3.422721876146701e-06,0.5705890136061922
F22Q10197191,2022,202303,164993.0,791.0,60.0,60.0,25.0,SC,4.375,54.0,0,4.430932921639605e-06,0.5706331179570865
F22Q10013238,2022,202302,282345.0,801.0,63.0,63.0,25.0,AZ,2.75,64.0,0,7.150971486807294e-06,0.5707764570974927
F22Q10273537,2022,202303,135292.0,787.0,24.0,24.0,32.0,VA,3.25,20.0,0,4.520140341167084e-06,0.5709639005887931
F22Q20062559,2022,202304,218555.0,791.0,41.0,41.0,31.0,MA,3.99,37.0,0,4.9803560284528585e-06,0.5716805962908241
F22Q20133799,2022,202306,265834.0,799.0,64.0,64.0,20.0,TN,4.75,58.0,0,9.466802465271882e-06,0.5716916223785478
F22Q10491661,2022,202303,164911.0,812.0,70.0,70.0,28.0,FL,3.75,60.0,0,3.0763173330333784e-06,0.5717357267294418
F22Q30105678,2022,202309,146315.0,813.0,60.0,60.0,27.0,KY,5.375,55.0,0,1.0075175129542823e-05,0.571757778904889
F22Q20118456,2022,202305,72188.7,766.0,43.0,43.0,9.0,FL,3.875,999.0,0,6.424595870348775e-06,0.5723421615542373
F22Q30194382,2022,202309,49461.9,797.0,52.0,52.0,9.0,IN,4.5,999.0,0,1.815413620566997e-05,0.5725296050455378
F22Q10215382,2022,202303,93689.3,804.0,44.0,44.0,33.0,IN,2.99,37.0,0,6.846398709054327e-06,0.572573709396432
F22Q40063514,2022,202312,110521.0,803.0,38.0,38.0,22.0,FL,6.6,35.0,0,2.2557283908733567e-05,0.572772178975456
F22Q10034188,2022,202302,327284.0,806.0,42.0,42.0,31.0,MA,3.375,999.0,0,1.0669416043257538e-05,0.5729265442035858
F22Q20261868,2022,202306,68337.6,804.0,38.0,38.0,36.0,FL,4.625,25.0,0,3.6897337271875137e-06,0.5729596224667564
F22Q40116013,2022,202312,182645.0,783.0,33.0,33.0,26.0,CA,6.25,32.0,0,8.792755801590873e-06,0.5730368050808212
F22Q10226442,2022,202303,318485.0,776.0,47.0,47.0,17.0,DE,3.75,41.0,0,8.231374620253372e-06,0.5734888746774869
F22Q30251020,2022,202310,137888.0,801.0,42.0,42.0,30.0,FL,4.875,41.0,0,1.0320479862711773e-05,0.573610161642446
F22Q10351973,2022,202304,58848.5,799.0,47.0,47.0,34.0,OH,3.5,41.0,0,2.7392143494124676e-06,0.5736211877301696
F22Q10336619,2022,202303,153005.0,805.0,45.0,45.0,31.0,ID,3.497,44.0,0,9.659350096304706e-06,0.5738086312214701
F22Q20311114,2022,202307,314679.0,785.0,44.0,44.0,20.0,TN,4.875,43.0,0,1.1862697581110918e-05,0.5739850486250468
F22Q10075340,2022,202302,135382.0,800.0,38.0,38.0,35.0,NV,2.875,999.0,0,3.780745734586152e-06,0.574128387765453
F22Q10461022,2022,202303,116812.0,765.0,48.0,48.0,17.0,TN,3.75,46.0,0,3.5865226763955406e-06,0.5741945442917944
F22Q10514349,2022,202304,236974.0,774.0,50.0,50.0,25.0,TX,3.375,44.0,0,1.7333738991166609e-06,0.5746796921516307
F22Q10366578,2022,202303,103046.0,797.0,55.0,55.0,31.0,OH,2.75,46.0,0,3.1865637745013662e-06,0.574823031292037
F22Q30272850,2022,202309,141872.0,800.0,18.0,18.0,32.0,NV,5.125,17.0,0,1.062377161857112e-05,0.5749773965201668
F22Q10130366,2022,202302,135883.0,769.0,42.0,42.0,21.0,AZ,3.375,43.0,0,5.080262064098318e-06,0.5751207356605729
F22Q20053668,2022,202305,464898.0,789.0,56.0,56.0,25.0,UT,3.375,54.0,0,5.911060508736683e-06,0.5751758660991907
F22Q10172913,2022,202302,83786.4,767.0,50.0,50.0,18.0,SC,2.75,42.0,0,3.3701982045774526e-06,0.575440492204556
F22Q10113009,2022,202302,444717.0,806.0,34.0,34.0,35.0,NC,3.125,32.0,0,6.6472090794269945e-06,0.5754956226431738
F22Q10122371,2022,202302,215502.0,807.0,79.0,79.0,15.0,SC,3.125,70.0,0,2.7871716814827163e-06,0.5758594835380509
F22Q10330969,2022,202304,305296.0,802.0,65.0,65.0,25.0,WI,3.75,60.0,0,6.8971700809443804e-06,0.5761020574679693
F22Q10019133,2022,202302,104810.0,773.0,56.0,56.0,22.0,IA,2.365,48.0,0,1.249490891701975e-06,0.5762453966083754
F22Q20023258,2022,202305,159272.0,780.0,60.0,60.0,19.0,TX,3.625,50.0,0,3.843525762663795e-06,0.5765210488014642
F22Q10323384,2022,202303,111671.0,753.0,40.0,40.0,14.0,OH,2.75,37.0,0,1.770571394697226e-06,0.5769069618717887
F22Q30264238,2022,202310,165138.0,796.0,46.0,46.0,25.0,OK,5.25,43.0,0,1.2846755612151205e-05,0.5769400401349594
F22Q10454148,2022,202304,80364.1,796.0,35.0,35.0,32.0,IL,3.75,33.0,0,7.133134794501426e-06,0.5775795532229254
F22Q10378530,2022,202303,144266.0,765.0,51.0,51.0,18.0,IN,3.25,44.0,0,2.2514374629208687e-06,0.5778662315037378
F22Q10073051,2022,202302,291454.0,792.0,69.0,69.0,21.0,NC,2.99,61.0,0,3.621802629130817e-06,0.5781529097845503
F22Q20233174,2022,202306,164543.0,798.0,44.0,44.0,20.0,AR,5.25,39.0,0,1.9462717093461564e-05,0.5782411184863387
F22Q10503592,2022,202304,279928.0,802.0,68.0,68.0,24.0,MO,4.125,67.0,0,6.280293054718722e-06,0.5788034489602399
F22Q10019124,2022,202302,364537.0,807.0,70.0,70.0,24.0,MI,2.299,65.0,0,5.943304374833693e-06,0.578924735925199
F22Q10498977,2022,202303,414995.0,807.0,49.0,49.0,35.0,NY,3.125,999.0,0,3.596832444666273e-06,0.5791673098551172
F22Q10064296,2022,202302,72067.5,759.0,45.0,45.0,9.0,PA,3.875,35.0,0,3.559203738236222e-06,0.5791893620305643
F22Q10065818,2022,202302,200070.0,805.0,44.0,44.0,37.0,WI,2.35,40.0,0,9.61994717094963e-07,0.5800163186098308
F22Q10474765,2022,202304,298981.0,809.0,39.0,39.0,37.0,CA,3.375,34.0,0,3.4972951679613925e-06,0.5800163186098308
F22Q10277537,2022,202303,130026.0,801.0,68.0,68.0,27.0,IL,3.125,65.0,0,3.269737795285336e-06,0.5801706838379607
F22Q20030980,2022,202305,430306.0,769.0,53.0,53.0,17.0,CA,4.125,56.0,0,3.644712016767751e-06,0.5802037621011313
F22Q10164604,2022,202303,374407.0,770.0,27.0,27.0,26.0,CA,2.375,23.0,0,4.634114872758581e-06,0.5802258142765784
F22Q30188821,2022,202309,343425.0,813.0,50.0,50.0,30.0,FL,3.625,43.0,0,1.1725193602903867e-05,0.5803250490660904
F22Q10573149,2022,202304,570531.0,796.0,73.0,73.0,18.0,NY,3.125,69.0,0,3.612017838380667e-06,0.5807330143118619
F22Q40044246,2022,202311,108306.0,796.0,51.0,51.0,21.0,MS,5.375,46.0,0,1.4594901164316036e-05,0.5808543012768209
F22Q40039065,2022,202311,119481.0,787.0,31.0,31.0,32.0,GA,5.5,28.0,0,4.154812076444298e-06,0.5812953447857632
F22Q20058828,2022,202305,210067.0,815.0,42.0,42.0,35.0,NC,3.99,38.0,0,7.197229184878627e-06,0.5815158665402342
F22Q20350690,2022,202307,633237.0,789.0,41.0,41.0,21.0,CO,4.375,39.0,0,1.468488980236208e-05,0.5817033100315346
F22Q10210608,2022,202303,215222.0,795.0,62.0,62.0,15.0,OR,3.25,58.0,0,1.0799319049742147e-05,0.5821223013650296
F22Q10307151,2022,202302,611157.0,788.0,70.0,70.0,9.0,NE,2.49,65.0,0,3.815025639013673e-06,0.5821994839790945
F22Q20277544,2022,202307,108716.0,801.0,30.0,30.0,14.0,FL,5.875,28.0,0,3.0501911838167145e-05,0.5826184753125896
F22Q20203040,2022,202306,123028.0,792.0,61.0,61.0,26.0,NY,4.625,48.0,0,3.810051773041604e-06,0.5832249101373851
F22Q30316488,2022,202310,276368.0,790.0,37.0,37.0,33.0,NY,4.875,38.0,0,3.207586106040604e-06,0.583599797119986
F22Q10072202,2022,202302,413855.0,799.0,70.0,70.0,23.0,MD,2.875,65.0,0,4.2850970312917095e-06,0.5838975014885218
F22Q20067469,2022,202305,157706.0,771.0,49.0,49.0,23.0,TX,3.375,47.0,0,3.106217567192338e-06,0.5845921450151056
F22Q30287522,2022,202310,118230.0,781.0,37.0,37.0,19.0,NC,5.0,33.0,0,1.289618767331501e-05,0.584856771120471
F22Q10377382,2022,202304,52132.9,767.0,36.0,36.0,27.0,IL,3.375,32.0,0,8.742791273216543e-07,0.5849229276468123
F22Q10234650,2022,202303,128126.0,816.0,77.0,77.0,21.0,KY,3.5,67.0,0,3.3941259654023854e-06,0.5851103711381127
F22Q10059735,2022,202302,235093.0,764.0,44.0,44.0,15.0,ID,3.125,46.0,0,5.427727238396511e-06,0.58547423203299
F22Q40194889,2022,202401,143298.0,798.0,33.0,33.0,24.0,TX,6.25,34.0,0,1.950741020053695e-05,0.5855403885593313
F22Q40176587,2022,202401,216615.0,806.0,43.0,43.0,28.0,FL,5.5,43.0,0,1.5469553844339877e-05,0.5858270668401439
F22Q30069943,2022,202308,234850.0,777.0,38.0,38.0,22.0,MD,4.125,34.0,0,9.09443807784657e-06,0.5861688755595739
F22Q10541010,2022,202304,161841.0,799.0,59.0,59.0,25.0,VA,3.99,52.0,0,9.48959931549613e-06,0.5866760755948575
F22Q30289277,2022,202310,46960.4,802.0,48.0,48.0,34.0,MO,5.0,37.0,0,4.348569303594188e-06,0.5868965973493285
F22Q40122872,2022,202311,152261.0,789.0,42.0,42.0,15.0,IN,5.5,40.0,0,1.772706409842237e-05,0.5869517277879462
F22Q10267445,2022,202303,175637.0,791.0,48.0,48.0,30.0,TN,3.625,45.0,0,5.209315058393249e-06,0.5872935365073765
F22Q10321674,2022,202303,276146.0,772.0,37.0,37.0,23.0,MI,2.75,33.0,0,6.550629542112251e-06,0.5875250843495711
F22Q20081318,2022,202305,147575.0,775.0,50.0,50.0,18.0,MN,4.5,45.0,0,7.101707705705389e-06,0.5875691887004653
F22Q10041767,2022,202302,246602.0,784.0,62.0,62.0,20.0,NY,3.49,54.0,0,4.582743447827391e-06,0.5877456061040423
F22Q10315639,2022,202303,148978.0,783.0,70.0,70.0,15.0,NC,2.875,60.0,0,8.632796150106037e-07,0.5878227887181069
F22Q30218724,2022,202309,65783.3,792.0,39.0,39.0,12.0,IL,5.5,38.0,0,2.1512736087063057e-05,0.5881425452620901
F22Q20432597,2022,202307,291001.0,802.0,75.0,75.0,13.0,CA,5.75,999.0,0,5.283827455085156e-06,0.5883299887533906
F22Q10415486,2022,202303,66937.4,798.0,30.0,30.0,37.0,OH,3.75,24.0,0,1.74924706753468e-06,0.5883740931042847
F22Q10042913,2022,202302,189076.0,817.0,48.0,48.0,38.0,OH,2.75,999.0,0,3.505391667528099e-07,0.5886497452973736
F22Q30044128,2022,202308,132969.0,786.0,35.0,35.0,24.0,UT,5.25,31.0,0,1.2383142119221968e-05,0.5886717974728206
F22Q20141735,2022,202305,501804.0,801.0,41.0,41.0,9.0,MI,3.875,38.0,0,2.8028786446147812e-05,0.5891348931572099
F22Q10238496,2022,202302,227355.0,791.0,28.0,28.0,26.0,CA,3.25,29.0,0,1.4396606739953854e-05,0.5892451540344456
F22Q40061550,2022,202311,105025.0,773.0,33.0,33.0,23.0,SC,6.499,30.0,0,7.803854083275996e-06,0.5899397975610294
F22Q10296252,2022,202302,356971.0,800.0,74.0,74.0,21.0,TN,2.75,62.0,0,3.905519792249471e-06,0.5901492932277769
F22Q20167683,2022,202306,362572.0,784.0,49.0,49.0,12.0,NV,4.5,44.0,0,1.3266106711717086e-05,0.5902044236663947
F22Q10030310,2022,202302,90080.6,752.0,42.0,42.0,15.0,KY,3.25,36.0,0,1.281448867182349e-06,0.5906564932630604
F22Q20080279,2022,202305,342756.0,780.0,38.0,38.0,21.0,MA,3.99,29.0,0,1.132833779656984e-05,0.5908218845789136
F22Q20213402,2022,202306,133053.0,790.0,23.0,23.0,34.0,CA,5.125,23.0,0,4.101572199564426e-06,0.591284980263303
F22Q30254473,2022,202310,304934.0,811.0,69.0,69.0,18.0,AZ,4.875,71.0,0,1.2585083686510186e-05,0.5912960063510265
F22Q10461958,2022,202304,259751.0,804.0,76.0,76.0,12.0,AZ,3.125,66.0,0,4.291270797397054e-06,0.5914172933159856
F22Q20426883,2022,202308,241442.0,797.0,29.0,29.0,33.0,GA,4.375,25.0,0,7.867071389399422e-06,0.5914503715791564
F22Q10146126,2022,202302,415192.0,783.0,51.0,51.0,29.0,NJ,2.5,43.0,0,1.9563257260180708e-06,0.5914724237546034
F22Q30057498,2022,202308,295959.0,782.0,13.0,13.0,17.0,NJ,5.5,13.0,0,1.7957602409475098e-05,0.5915165281054977
F22Q20209884,2022,202306,137498.0,761.0,26.0,26.0,15.0,LA,5.0,25.0,0,7.792934573983497e-06,0.5922332238075285
F22Q20151269,2022,202306,24363.4,797.0,33.0,90.0,33.0,ID,4.875,4.0,0,7.3100528795767875e-06,0.5924537455619998
F22Q10212856,2022,202303,86416.4,760.0,33.0,33.0,16.0,WA,3.875,32.0,0,6.196827418260045e-06,0.5927624760182592
F22Q40067981,2022,202311,148269.0,769.0,34.0,34.0,17.0,KY,6.499,30.0,0,9.328116484105393e-06,0.5927955542814299
F22Q20229822,2022,202306,226688.0,819.0,57.0,57.0,34.0,FL,4.375,51.0,0,4.668212014835529e-06,0.5932807021412663
F22Q20329170,2022,202306,166615.0,801.0,66.0,66.0,21.0,AK,4.875,51.0,0,9.667065894197477e-06,0.5932917282289898
F22Q10350543,2022,202302,275169.0,812.0,47.0,47.0,31.0,MI,4.625,999.0,0,1.1947696557695972e-05,0.5933468586676076
F22Q10193769,2022,202302,145548.0,772.0,62.0,62.0,15.0,SC,3.125,55.0,0,1.3360667470707586e-06,0.5935563543343549
F22Q40134990,2022,202312,116842.0,777.0,45.0,45.0,12.0,ND,6.125,45.0,0,1.1319153047804632e-05,0.5940194500187443
F22Q10180379,2022,202302,153025.0,790.0,44.0,44.0,33.0,SD,3.375,40.0,0,2.175166115153042e-06,0.5941958674223213
F22Q20119315,2022,202305,75114.3,791.0,26.0,26.0,36.0,SC,3.75,26.0,0,1.024139825830385e-06,0.594647937018987
F22Q10293026,2022,202303,105573.0,793.0,66.0,66.0,23.0,OH,3.49,54.0,0,5.13553498046187e-06,0.5948133283348402
F22Q20144386,2022,202305,419169.0,791.0,60.0,60.0,25.0,IL,4.49,999.0,0,5.605911381851604e-06,0.5949346152997994
F22Q20390990,2022,202307,295768.0,806.0,50.0,50.0,34.0,NC,5.25,49.0,0,5.278533711518099e-06,0.5955961805632126
F22Q20324083,2022,202306,283974.0,780.0,14.0,14.0,23.0,CA,4.625,12.0,0,1.3091667077373897e-05,0.5957725979667893
F22Q10552774,2022,202304,94899.9,776.0,33.0,33.0,29.0,TN,2.99,29.0,0,3.7422706505218826e-06,0.5961805632125609
F22Q30292572,2022,202310,98522.0,781.0,29.0,29.0,28.0,TX,4.99,29.0,0,7.609812696281162e-06,0.5961915893002845
F22Q10302720,2022,202303,86515.5,776.0,24.0,24.0,31.0,NY,3.25,22.0,0,2.3697266310686026e-06,0.5962687719143493
F22Q30261203,2022,202310,270309.0,813.0,40.0,40.0,35.0,MN,5.5,40.0,0,8.121520658514641e-06,0.5963569806161378
F22Q10464424,2022,202302,346041.0,807.0,63.0,63.0,28.0,CA,3.5,64.0,0,7.397417896745271e-06,0.5970405980549981
F22Q20254791,2022,202306,285506.0,781.0,68.0,68.0,18.0,MN,4.0,58.0,0,1.740945769336554e-06,0.5977903720201997
F22Q30251360,2022,202309,171545.0,791.0,45.0,45.0,16.0,WA,4.625,41.0,0,1.831676151275594e-05,0.5985732242485722
F22Q20430572,2022,202307,246924.0,773.0,21.0,21.0,25.0,CA,5.625,20.0,0,8.021523071993454e-06,0.5991796590733676
F22Q10148997,2022,202303,326723.0,817.0,56.0,56.0,26.0,AZ,3.99,56.0,0,1.594316731365125e-05,0.59946633735418
F22Q20375520,2022,202307,237574.0,812.0,34.0,34.0,39.0,TX,3.99,32.0,0,2.463928454189489e-06,0.5996317286700333
F22Q10032813,2022,202302,205641.0,800.0,45.0,45.0,36.0,FL,2.5,35.0,0,1.7784721874836734e-06,0.6004035548106821
F22Q10124390,2022,202302,168314.0,794.0,37.0,37.0,31.0,VA,3.25,999.0,0,8.503528462102857e-06,0.6008335722319007
F22Q30289152,2022,202310,90752.5,788.0,27.0,27.0,27.0,AZ,5.0,999.0,0,1.240455078793092e-05,0.6008445983196242
F22Q10235869,2022,202303,463789.0,773.0,52.0,52.0,24.0,CA,2.75,47.0,0,2.7472409378632904e-06,0.6010320418109246
F22Q20213307,2022,202305,64557.1,783.0,32.0,32.0,19.0,IN,3.75,28.0,0,1.599346864638055e-05,0.601098198337266
F22Q20426111,2022,202307,147933.0,787.0,24.0,24.0,30.0,NJ,5.375,22.0,0,8.605147145266701e-06,0.6011202505127131
F22Q10227938,2022,202303,440408.0,789.0,35.0,35.0,34.0,FL,2.875,33.0,0,2.5545528083824083e-06,0.6013076940040134
F22Q40101836,2022,202312,64618.4,794.0,32.0,32.0,23.0,CA,6.99,17.0,0,1.9481279602019745e-05,0.6015061635830374
F22Q20012254,2022,202305,117328.0,812.0,14.0,14.0,36.0,VA,3.375,13.0,0,9.67957002478165e-06,0.6016936070743379
F22Q40061005,2022,202312,209480.0,802.0,38.0,38.0,23.0,UT,5.375,36.0,0,2.310416662897152e-05,0.6017597636006792
F22Q40207508,2022,202401,123456.0,809.0,17.0,17.0,33.0,FL,5.97,17.0,0,1.4032162331969344e-05,0.6025756940922222
F22Q20417554,2022,202307,85698.1,795.0,42.0,42.0,33.0,NY,5.375,37.0,0,5.217273797781301e-06,0.6030828941275057
F22Q10156180,2022,202302,73405.0,817.0,58.0,58.0,31.0,MI,3.375,54.0,0,8.705963471625775e-06,0.6036672767768541
F22Q10103118,2022,202302,311520.0,800.0,75.0,75.0,13.0,NC,2.99,70.0,0,5.169462439336384e-06,0.6037995898295367
F22Q10265486,2022,202303,113409.0,800.0,48.0,48.0,34.0,TX,3.75,42.0,0,4.323660776241943e-06,0.6041303724612433
F22Q20142452,2022,202306,380787.0,792.0,44.0,44.0,22.0,OR,4.75,44.0,0,1.6029361147112858e-05,0.6044391029175028
F22Q20199228,2022,202306,289427.0,782.0,45.0,45.0,15.0,FL,4.99,42.0,0,1.398245918599103e-05,0.6046265464088032
F22Q10334792,2022,202304,250210.0,794.0,60.0,60.0,18.0,IN,3.625,51.0,0,1.1805735432733192e-05,0.6046816768474209
F22Q30088955,2022,202308,137296.0,790.0,44.0,44.0,33.0,PA,4.375,29.0,0,2.6799562649186148e-06,0.604979381215957
F22Q10330401,2022,202303,136376.0,777.0,30.0,30.0,32.0,OK,2.875,26.0,0,5.515512546550984e-07,0.6052440073213222
F22Q10237110,2022,202303,226686.0,768.0,35.0,35.0,28.0,CA,2.875,32.0,0,1.6697745833799789e-06,0.6054314508126227
F22Q10038272,2022,202302,284282.0,803.0,32.0,32.0,38.0,CO,2.375,29.0,0,2.5655786564174904e-06,0.6054535029880698
F22Q40033811,2022,202311,138199.0,799.0,22.0,22.0,32.0,UT,5.75,22.0,0,1.1612205544948773e-05,0.6054865812512404
F22Q40128428,2022,202312,302814.0,796.0,39.0,39.0,30.0,CA,4.5,34.0,0,1.0401316756484832e-05,0.605519659514411
F22Q20368151,2022,202306,142398.0,774.0,20.0,20.0,28.0,IA,3.25,17.0,0,5.868792325875784e-06,0.6055858160407523
F22Q10574321,2022,202304,224799.0,809.0,67.0,67.0,31.0,SC,3.5,58.0,0,2.7648383571449797e-06,0.6055968421284759
F22Q40005568,2022,202311,489344.0,793.0,43.0,43.0,17.0,UT,5.125,35.0,0,2.055412922420089e-05,0.6057181290934351
F22Q10333366,2022,202303,122702.0,775.0,40.0,40.0,26.0,WI,3.75,38.0,0,5.626491957756061e-06,0.6061260943392065
F22Q10476014,2022,202304,323871.0,782.0,56.0,59.0,20.0,MA,3.25,50.0,0,7.8921863371442e-06,0.6063135378305071
F22Q10047578,2022,202302,386739.0,793.0,57.0,57.0,28.0,TN,2.99,52.0,0,5.8835553786166895e-06,0.606710476988555
F22Q10197112,2022,202303,92838.1,785.0,52.0,52.0,27.0,TN,3.375,44.0,0,5.44899995009507e-06,0.6068868943921317
F22Q10047593,2022,202302,106387.0,774.0,52.0,52.0,24.0,SC,2.99,47.0,0,3.492206635988793e-06,0.6072948596379033
F22Q20288550,2022,202306,194746.0,801.0,67.0,67.0,21.0,IL,5.625,60.0,0,9.882550605842212e-06,0.6073610161642445
F22Q10294689,2022,202303,88011.2,781.0,69.0,69.0,15.0,WI,3.75,59.0,0,2.617110170954614e-06,0.6074823031292036
F22Q40085753,2022,202312,351357.0,806.0,26.0,26.0,28.0,GA,4.49,23.0,0,2.1296852358458232e-05,0.60762564226961
F22Q30009655,2022,202308,76460.0,778.0,58.0,58.0,22.0,IL,3.875,48.0,0,4.190337412493442e-06,0.6077359031468453
F22Q20346880,2022,202306,270474.0,797.0,57.0,57.0,21.0,FL,5.125,50.0,0,1.4044212125054287e-05,0.6093898163053785
F22Q10030078,2022,202302,293840.0,802.0,30.0,30.0,25.0,CO,3.625,29.0,0,2.343521501779041e-05,0.6096103380598497
F22Q20229262,2022,202306,81700.3,799.0,52.0,52.0,12.0,AR,5.125,42.0,0,2.2017476180426632e-05,0.6097536772002559
F22Q20424010,2022,202307,374426.0,783.0,62.0,62.0,20.0,AL,4.0,55.0,0,5.228475871151778e-06,0.6100513815687918
F22Q30305658,2022,202309,113415.0,794.0,32.0,32.0,18.0,VA,5.375,30.0,0,2.464858013900096e-05,0.6103490859373276
F22Q10144998,2022,202302,127980.0,788.0,62.0,62.0,24.0,VA,2.5,52.0,0,4.806465525360261e-06,0.61063576421814
F22Q40162442,2022,202401,197394.0,783.0,39.0,39.0,23.0,NC,6.125,34.0,0,1.2165251115279347e-05,0.6106908946567579
F22Q40083995,2022,202312,48075.5,796.0,23.0,23.0,27.0,IL,7.75,20.0,0,1.7784417420362796e-05,0.6108011555339934
F22Q10474108,2022,202304,303372.0,807.0,52.0,52.0,22.0,CO,4.25,48.0,0,2.0956281298927295e-05,0.6108562859726112
F22Q20424628,2022,202307,408513.0,800.0,45.0,45.0,28.0,FL,4.99,42.0,0,1.3711680222650005e-05,0.6109224424989526
F22Q20129015,2022,202305,172203.0,808.0,47.0,47.0,34.0,AZ,5.25,46.0,0,7.513041251214418e-06,0.6110216772884645
F22Q20101779,2022,202305,509196.0,797.0,47.0,47.0,30.0,MN,4.5,32.0,0,9.202756177513165e-06,0.6110878338148058
F22Q30204923,2022,202310,215985.0,787.0,41.0,41.0,19.0,OR,4.999,39.0,0,1.6643992771575505e-05,0.6114847729728538
F22Q10252351,2022,202303,176546.0,808.0,71.0,71.0,24.0,IN,3.5,61.0,0,6.699725912559501e-06,0.6116722164641542
F22Q20399845,2022,202307,112204.0,790.0,42.0,42.0,28.0,AR,5.25,38.0,0,9.876820886254804e-06,0.6117935034291133
F22Q10232946,2022,202303,208841.0,778.0,40.0,40.0,28.0,ID,3.423,39.0,0,5.1249215571535095e-06,0.6120140251835843
F22Q40146350,2022,202401,47147.5,767.0,34.0,34.0,17.0,IN,6.0,19.0,0,9.496203967657251e-06,0.6121242860608199
F22Q40064921,2022,202312,74191.9,808.0,20.0,20.0,27.0,CO,7.125,20.0,0,2.5059088331901037e-05,0.6122345469380553
F22Q10375562,2022,202304,336618.0,799.0,66.0,66.0,26.0,CO,3.375,33.0,0,5.966473788075491e-06,0.6124330165170794
F22Q40093014,2022,202312,109650.0,802.0,51.0,51.0,17.0,KS,6.75,46.0,0,2.3090096746246337e-05,0.6124330165170795
F22Q40147284,2022,202401,61089.1,770.0,23.0,23.0,15.0,CT,6.25,16.0,0,1.2919336608240736e-05,0.6127748252365096
F22Q10182778,2022,202302,309761.0,757.0,44.0,44.0,18.0,MD,2.625,43.0,0,3.0920840769608194e-06,0.6129732948155334
F22Q30052831,2022,202308,261424.0,817.0,53.0,53.0,28.0,FL,5.49,48.0,0,1.5706667379330142e-05,0.6131276600436633
F22Q30139652,2022,202309,78920.3,801.0,67.0,67.0,11.0,CT,5.49,57.0,0,1.3407783653671284e-05,0.6131386861313868
F22Q40089519,2022,202311,306868.0,797.0,53.0,53.0,27.0,MN,5.575,51.0,0,1.061257328902386e-05,0.6135466513771584
F22Q10334800,2022,202304,317159.0,789.0,62.0,62.0,25.0,FL,3.375,56.0,0,4.593621439185078e-06,0.613998720973824
F22Q10073767,2022,202302,131935.0,808.0,32.0,32.0,39.0,OR,2.75,29.0,0,2.514357866963404e-06,0.6140317992369947
F22Q10369490,2022,202304,156485.0,789.0,70.0,70.0,21.0,CT,3.5,60.0,0,2.770023182156697e-06,0.6141861644651244
F22Q10198336,2022,202302,212959.0,800.0,72.0,72.0,25.0,WI,2.875,62.0,0,3.0949387825188717e-06,0.6143184775178072
F22Q10452384,2022,202304,415766.0,782.0,34.0,34.0,29.0,HI,3.75,999.0,0,7.0368559852832455e-06,0.6143515557809778
F22Q30177464,2022,202308,398501.0,793.0,46.0,46.0,32.0,NY,4.99,41.0,0,5.310531094755905e-06,0.6143846340441486
F22Q10073478,2022,202302,127832.0,773.0,60.0,60.0,13.0,MA,3.125,51.0,0,4.393441834882907e-06,0.6145059210091075
F22Q10205847,2022,202302,323276.0,783.0,58.0,58.0,24.0,CA,3.625,54.0,0,5.289319958384754e-06,0.6145059210091075
F22Q20320398,2022,202307,123316.0,808.0,68.0,68.0,22.0,TN,5.5,63.0,0,1.135198356836199e-05,0.6146713123249608
F22Q40001565,2022,202311,304297.0,791.0,49.0,49.0,26.0,UT,5.125,48.0,0,1.0642477446072543e-05,0.614693364500408
F22Q10546044,2022,202304,160714.0,793.0,50.0,50.0,32.0,CA,2.75,42.0,0,4.044522626694883e-06,0.6148146514653672
F22Q10327069,2022,202303,167716.0,797.0,54.0,54.0,20.0,TN,4.25,49.0,0,1.6644354865229136e-05,0.6151785123602445
F22Q40030837,2022,202311,155215.0,756.0,33.0,33.0,4.0,MS,4.99,30.0,0,6.752272109548065e-06,0.6152005645356914
F22Q20311423,2022,202307,304607.0,810.0,53.0,53.0,28.0,CO,5.437,51.0,0,1.468659743101841e-05,0.6159172602377224
F22Q40197978,2022,202401,186664.0,790.0,49.0,49.0,22.0,WI,6.49,46.0,0,1.3876517211521711e-05,0.616225990693982
F22Q10005831,2022,202301,231702.0,796.0,58.0,58.0,21.0,MI,3.0,56.0,0,1.3295948454354006e-05,0.6162700950448762
F22Q10000181,2022,202303,106326.0,809.0,53.0,53.0,28.0,NE,3.5,47.0,0,1.4365890672081287e-05,0.6165898515888593
F22Q10211241,2022,202303,79418.3,780.0,43.0,43.0,28.0,OH,3.875,37.0,0,5.585402805493526e-06,0.6169316603082894
F22Q40025301,2022,202311,291461.0,802.0,34.0,34.0,25.0,TN,5.99,29.0,0,2.3029830618491965e-05,0.6169978168346308
F22Q20436506,2022,202306,66194.8,823.0,22.0,22.0,41.0,IL,4.75,19.0,0,1.6613606611056807e-06,0.6176814342734911
F22Q20199894,2022,202306,282428.0,766.0,58.0,58.0,17.0,NJ,3.99,999.0,0,2.251030805488167e-06,0.6181445299578804
F22Q30011493,2022,202308,96323.6,806.0,33.0,33.0,33.0,FL,5.603,29.0,0,1.2122167307640668e-05,0.6182768430105631
F22Q30246680,2022,202310,189131.0,820.0,26.0,26.0,40.0,NC,4.875,23.0,0,3.393831567362036e-06,0.6186076256422697
F22Q40005555,2022,202311,185159.0,783.0,44.0,44.0,28.0,NC,5.102,999.0,0,6.657918756545361e-06,0.6187619908703993
